G103,20,2021-11-25 11:20:00,2021-11-25 10:40:00,北京,南京,445,356
G173,20,2021-11-25 07:04:00,2021-11-25 11:35:00,北京,南京,445,356
G107,20,2021-11-25 07:25:00,2021-11-25 11:54:00,北京,南京,445,356
G31,20,2021-11-25 07:56:00,2021-11-25 11:19:00,北京,南京,445,356
G111,20,2021-11-25 08:14:00,2021-11-25 12:41:00,北京,南京,445,356
G179,20,2021-11-25 08:22:00,2021-11-25 12:53:00,北京,南京,445,356
G5,20,2021-11-25 09:00:00,2021-11-25 12:24:00,北京,南京,445,356
G117,20,2021-11-25 09:20:00,2021-11-25 13:44:00,北京,南京,445,356
G169,20,2021-11-25 09:38:00,2021-11-25 14:04:00,北京,南京,445,356
G7,20,2021-11-25 10:00:00,2021-11-25 13:24:00,北京,南京,445,356
G123,20,2021-11-25 10:20:00,2021-11-25 14:54:00,北京,南京,445,356
G125,20,2021-11-25 10:46:00,2021-11-25 15:24:00,北京,南京,445,356
G9,20,2021-11-25 11:00:00,2021-11-25 14:32:00,北京,南京,445,356
G129,20,2021-11-25 11:18:00,2021-11-25 15:56:00,北京,南京,445,356
1461,20,2021-11-25 11:55:00,2021-11-26 02:56:00,北京,南京,445,356
G183,20,2021-11-25 12:49:00,2021-11-25 17:08:00,北京,南京,445,356
G139,20,2021-11-25 13:04:00,2021-11-25 17:12:00,北京,南京,445,356
G141,20,2021-11-25 13:34:00,2021-11-25 18:00:00,北京,南京,445,356
G15,20,2021-11-25 14:00:00,2021-11-25 17:22:00,北京,南京,445,356
G145,20,2021-11-25 14:14:00,2021-11-25 18:51:00,北京,南京,445,356
G17,20,2021-11-25 15:00:00,2021-11-25 18:24:00,北京,南京,445,356
G502,20,2021-11-25 15:12:00,2021-11-25 19:43:00,北京,南京,445,356
G151,20,2021-11-25 15:49:00,2021-11-25 20:25:00,北京,南京,445,356
G193,20,2021-11-25 16:07:00,2021-11-25 20:47:00,北京,南京,445,356
G153,20,2021-11-25 16:30:00,2021-11-25 21:08:00,北京,南京,445,356
G21,20,2021-11-25 17:00:00,2021-11-25 20:14:00,北京,南京,445,356
G161,20,2021-11-25 17:33:00,2021-11-25 22:11:00,北京,南京,445,356
G101,20,2021-11-24 11:36:00,2021-11-24 11:14:00,北京,南京,421,336
G57,20,2021-11-24 07:15:00,2021-11-24 11:47:00,北京,南京,421,336
G143,20,2021-11-24 07:50:00,2021-11-24 11:55:00,北京,南京,421,336
G107,20,2021-11-24 08:05:00,2021-11-24 12:15:00,北京,南京,421,336
G165,20,2021-11-24 08:30:00,2021-11-24 12:19:00,北京,南京,421,336
G113,20,2021-11-24 08:50:00,2021-11-24 13:11:00,北京,南京,421,336
G41,20,2021-11-24 09:12:00,2021-11-24 13:29:00,北京,南京,421,336
G117,20,2021-11-24 09:25:00,2021-11-24 14:04:00,北京,南京,421,336
G7,20,2021-11-24 10:00:00,2021-11-24 13:23:00,北京,南京,421,336
G121,20,2021-11-24 10:20:00,2021-11-24 14:55:00,北京,南京,421,336
G31,20,2021-11-24 11:00:00,2021-11-24 14:31:00,北京,南京,421,336
G125,20,2021-11-24 11:10:00,2021-11-24 15:34:00,北京,南京,421,336
1461,20,2021-11-24 11:55:00,2021-11-25 02:56:00,北京,南京,421,336
G129,20,2021-11-24 12:10:00,2021-11-24 16:26:00,北京,南京,421,336
G167,20,2021-11-24 12:45:00,2021-11-24 17:13:00,北京,南京,421,336
G135,20,2021-11-24 13:05:00,2021-11-24 17:37:00,北京,南京,421,336
G137,20,2021-11-24 13:35:00,2021-11-24 17:50:00,北京,南京,421,336
G139,20,2021-11-24 13:45:00,2021-11-24 18:28:00,北京,南京,421,336
G141,20,2021-11-24 14:10:00,2021-11-24 18:40:00,北京,南京,421,336
G11,20,2021-11-24 15:00:00,2021-11-24 18:22:00,北京,南京,421,336
G45,20,2021-11-24 15:25:00,2021-11-24 19:50:00,北京,南京,421,336
G147,20,2021-11-24 15:50:00,2021-11-24 20:26:00,北京,南京,421,336
G273,20,2021-11-24 16:25:00,2021-11-24 21:00:00,北京,南京,421,336
G151,20,2021-11-24 16:45:00,2021-11-24 21:36:00,北京,南京,421,336
G153,20,2021-11-24 17:16:00,2021-11-24 21:44:00,北京,南京,421,336
G103,20,2021-11-26 11:20:00,2021-11-26 10:40:00,北京,南京,445,356
G173,20,2021-11-26 07:04:00,2021-11-26 11:35:00,北京,南京,445,356
G107,20,2021-11-26 07:25:00,2021-11-26 11:54:00,北京,南京,445,356
G31,20,2021-11-26 07:56:00,2021-11-26 11:19:00,北京,南京,445,356
G197,20,2021-11-26 08:10:00,2021-11-26 12:35:00,北京,南京,445,356
G177,20,2021-11-26 08:18:00,2021-11-26 12:45:00,北京,南京,445,356
G113,20,2021-11-26 08:39:00,2021-11-26 13:11:00,北京,南京,445,356
G115,20,2021-11-26 09:10:00,2021-11-26 13:29:00,北京,南京,445,356
G119,20,2021-11-26 09:24:00,2021-11-26 14:00:00,北京,南京,445,356
G35,20,2021-11-26 09:56:00,2021-11-26 13:20:00,北京,南京,445,356
G121,20,2021-11-26 10:05:00,2021-11-26 14:14:00,北京,南京,445,356
G181,20,2021-11-26 10:42:00,2021-11-26 15:28:00,北京,南京,445,356
G37,20,2021-11-26 10:56:00,2021-11-26 14:28:00,北京,南京,445,356
G127,20,2021-11-26 11:05:00,2021-11-26 15:37:00,北京,南京,445,356
G133,20,2021-11-26 11:49:00,2021-11-26 16:13:00,北京,南京,445,356
G11,20,2021-11-26 12:00:00,2021-11-26 15:33:00,北京,南京,445,356
G137,20,2021-11-26 12:45:00,2021-11-26 17:04:00,北京,南京,445,356
G13,20,2021-11-26 13:00:00,2021-11-26 16:30:00,北京,南京,445,356
G185,20,2021-11-26 13:20:00,2021-11-26 17:56:00,北京,南京,445,356
G187,20,2021-11-26 13:38:00,2021-11-26 18:10:00,北京,南京,445,356
G143,20,2021-11-26 14:08:00,2021-11-26 18:28:00,北京,南京,445,356
G147,20,2021-11-26 14:27:00,2021-11-26 19:07:00,北京,南京,445,356
G149,20,2021-11-26 15:08:00,2021-11-26 19:39:00,北京,南京,445,356
G191,20,2021-11-26 15:18:00,2021-11-26 20:07:00,北京,南京,445,356
G19,20,2021-11-26 16:00:00,2021-11-26 19:24:00,北京,南京,445,356
G195,20,2021-11-26 16:17:00,2021-11-26 20:59:00,北京,南京,445,356
G157,20,2021-11-26 16:53:00,2021-11-26 21:37:00,北京,南京,445,356
G159,20,2021-11-26 17:19:00,2021-11-26 21:50:00,北京,南京,445,356
D710,20,2021-11-24 00:02:00,2021-11-24 09:22:00,南京,北京,196,156
G204,20,2021-11-24 07:16:00,2021-11-24 12:13:00,南京,北京,196,156
G104,20,2021-11-24 08:02:00,2021-11-24 12:33:00,南京,北京,196,156
G34,20,2021-11-24 08:33:00,2021-11-24 13:07:00,南京,北京,196,156
G20,20,2021-11-24 08:58:00,2021-11-24 12:20:00,南京,北京,196,156
G108,20,2021-11-24 09:11:00,2021-11-24 13:22:00,南京,北京,196,156
G120,20,2021-11-24 09:21:00,2021-11-24 13:33:00,南京,北京,196,156
G114,20,2021-11-24 09:50:00,2021-11-24 14:13:00,南京,北京,196,156
G58,20,2021-11-24 10:11:00,2021-11-24 14:43:00,南京,北京,196,156
G10,20,2021-11-24 11:02:00,2021-11-24 14:28:00,南京,北京,196,156
G46,20,2021-11-24 11:17:00,2021-11-24 15:43:00,南京,北京,196,156
G124,20,2021-11-24 12:09:00,2021-11-24 16:17:00,南京,北京,196,156
G420,20,2021-11-24 12:21:00,2021-11-24 17:29:00,南京,北京,196,156
G130,20,2021-11-24 12:50:00,2021-11-24 17:44:00,南京,北京,196,156
G12,20,2021-11-24 13:10:00,2021-11-24 16:38:00,南京,北京,196,156
G132,20,2021-11-24 13:40:00,2021-11-24 18:32:00,南京,北京,196,156
G32,20,2021-11-24 14:04:00,2021-11-24 17:39:00,南京,北京,196,156
G56,20,2021-11-24 14:27:00,2021-11-24 18:53:00,南京,北京,196,156
G4,20,2021-11-24 15:02:00,2021-11-24 18:28:00,南京,北京,196,156
G164,20,2021-11-24 15:17:00,2021-11-24 19:53:00,南京,北京,196,156
G14,20,2021-11-24 16:01:00,2021-11-24 19:35:00,南京,北京,196,156
G146,20,2021-11-24 16:24:00,2021-11-24 20:48:00,南京,北京,196,156
G148,20,2021-11-24 16:47:00,2021-11-24 21:13:00,南京,北京,196,156
G170,20,2021-11-24 17:14:00,2021-11-24 21:18:00,南京,北京,196,156
G152,20,2021-11-24 17:34:00,2021-11-24 22:12:00,南京,北京,196,156
G154,20,2021-11-24 18:41:00,2021-11-24 22:53:00,南京,北京,196,156
D710,20,2021-11-25 00:02:00,2021-11-25 09:22:00,南京,北京,196,156
G2578,20,2021-11-25 07:16:00,2021-11-25 12:08:00,南京,北京,196,156
G4,20,2021-11-25 08:17:00,2021-11-25 11:40:00,南京,北京,196,156
G104,20,2021-11-25 08:37:00,2021-11-25 13:12:00,南京,北京,196,156
G6,20,2021-11-25 09:02:00,2021-11-25 12:24:00,南京,北京,196,156
G110,20,2021-11-25 09:16:00,2021-11-25 13:32:00,南京,北京,196,156
G114,20,2021-11-25 09:46:00,2021-11-25 14:12:00,南京,北京,196,156
G174,20,2021-11-25 10:10:00,2021-11-25 14:40:00,南京,北京,196,156
G116,20,2021-11-25 10:53:00,2021-11-25 15:22:00,南京,北京,196,156
G178,20,2021-11-25 11:12:00,2021-11-25 15:43:00,南京,北京,196,156
G122,20,2021-11-25 11:56:00,2021-11-25 16:29:00,南京,北京,196,156
G124,20,2021-11-25 12:09:00,2021-11-25 16:43:00,南京,北京,196,156
G182,20,2021-11-25 12:28:00,2021-11-25 16:58:00,南京,北京,196,156
G170,20,2021-11-25 13:02:00,2021-11-25 17:49:00,南京,北京,196,156
G184,20,2021-11-25 13:15:00,2021-11-25 18:12:00,南京,北京,196,156
G132,20,2021-11-25 13:50:00,2021-11-25 18:31:00,南京,北京,196,156
G34,20,2021-11-25 14:12:00,2021-11-25 17:40:00,南京,北京,196,156
G138,20,2021-11-25 14:53:00,2021-11-25 19:31:00,南京,北京,196,156
G190,20,2021-11-25 15:16:00,2021-11-25 19:57:00,南京,北京,196,156
G20,20,2021-11-25 16:01:00,2021-11-25 19:36:00,南京,北京,196,156
G144,20,2021-11-25 16:19:00,2021-11-25 20:45:00,南京,北京,196,156
G146,20,2021-11-25 16:36:00,2021-11-25 21:05:00,南京,北京,196,156
G22,20,2021-11-25 17:01:00,2021-11-25 20:37:00,南京,北京,196,156
G148,20,2021-11-25 17:17:00,2021-11-25 21:43:00,南京,北京,196,156
G152,20,2021-11-25 17:35:00,2021-11-25 22:20:00,南京,北京,196,156
G154,20,2021-11-25 18:27:00,2021-11-25 22:49:00,南京,北京,196,156
D710,20,2021-11-26 00:02:00,2021-11-26 09:22:00,南京,北京,231,184
G2578,20,2021-11-26 07:16:00,2021-11-26 12:08:00,南京,北京,231,184
G4,20,2021-11-26 08:17:00,2021-11-26 11:40:00,南京,北京,231,184
G104,20,2021-11-26 08:37:00,2021-11-26 13:12:00,南京,北京,231,184
G32,20,2021-11-26 08:58:00,2021-11-26 12:20:00,南京,北京,231,184
G108,20,2021-11-26 09:08:00,2021-11-26 13:36:00,南京,北京,231,184
G112,20,2021-11-26 09:34:00,2021-11-26 14:07:00,南京,北京,231,184
G8,20,2021-11-26 10:01:00,2021-11-26 13:27:00,南京,北京,231,184
G176,20,2021-11-26 10:26:00,2021-11-26 14:51:00,南京,北京,231,184
G10,20,2021-11-26 11:01:00,2021-11-26 14:26:00,南京,北京,231,184
G118,20,2021-11-26 11:25:00,2021-11-26 15:47:00,南京,北京,231,184
G12,20,2021-11-26 12:02:00,2021-11-26 15:31:00,南京,北京,231,184
G180,20,2021-11-26 12:22:00,2021-11-26 17:17:00,南京,北京,231,184
G128,20,2021-11-26 12:43:00,2021-11-26 17:31:00,南京,北京,231,184
G14,20,2021-11-26 13:10:00,2021-11-26 16:38:00,南京,北京,231,184
G130,20,2021-11-26 13:46:00,2021-11-26 18:22:00,南京,北京,231,184
G134,20,2021-11-26 13:56:00,2021-11-26 18:44:00,南京,北京,231,184
G34,20,2021-11-26 14:12:00,2021-11-26 17:40:00,南京,北京,231,184
G138,20,2021-11-26 14:53:00,2021-11-26 19:31:00,南京,北京,231,184
G190,20,2021-11-26 15:16:00,2021-11-26 19:57:00,南京,北京,231,184
G20,20,2021-11-26 16:01:00,2021-11-26 19:36:00,南京,北京,231,184
G144,20,2021-11-26 16:19:00,2021-11-26 20:45:00,南京,北京,231,184
G146,20,2021-11-26 16:36:00,2021-11-26 21:05:00,南京,北京,231,184
G22,20,2021-11-26 17:01:00,2021-11-26 20:37:00,南京,北京,231,184
G148,20,2021-11-26 17:17:00,2021-11-26 21:43:00,南京,北京,231,184
G152,20,2021-11-26 17:35:00,2021-11-26 22:20:00,南京,北京,231,184
G154,20,2021-11-26 18:27:00,2021-11-26 22:49:00,南京,北京,231,184
G158,20,2021-11-26 18:46:00,2021-11-26 23:14:00,南京,北京,231,184
G26,20,2021-11-26 19:08:00,2021-11-26 22:35:00,南京,北京,231,184
K1511,20,2021-11-24 00:46:00,2021-11-24 04:21:00,南京,上海,46,36
K8351,20,2021-11-24 00:58:00,2021-11-24 05:08:00,南京,上海,46,36
K1047,20,2021-11-24 01:11:00,2021-11-24 05:04:00,南京,上海,46,36
K1555,20,2021-11-24 01:30:00,2021-11-24 05:23:00,南京,上海,46,36
Z375,20,2021-11-24 01:45:00,2021-11-24 05:32:00,南京,上海,46,36
K359,20,2021-11-24 02:12:00,2021-11-24 05:56:00,南京,上海,46,36
K151,20,2021-11-24 02:50:00,2021-11-24 11:48:00,南京,上海,46,36
K8361,20,2021-11-24 03:10:00,2021-11-24 08:00:00,南京,上海,46,36
D309,20,2021-11-24 03:44:00,2021-11-24 11:26:00,南京,上海,46,36
K281,20,2021-11-24 04:00:00,2021-11-24 07:10:00,南京,上海,46,36
D709,20,2021-11-24 05:16:00,2021-11-24 07:44:00,南京,上海,46,36
G7029,20,2021-11-24 05:36:00,2021-11-24 07:30:00,南京,上海,46,36
G7031,20,2021-11-24 11:00:00,2021-11-24 07:50:00,南京,上海,46,36
C3854,20,2021-11-24 11:05:00,2021-11-24 09:56:00,南京,上海,46,36
G7035,20,2021-11-24 11:31:00,2021-11-24 08:35:00,南京,上海,46,36
G7037,20,2021-11-24 11:41:00,2021-11-24 08:58:00,南京,上海,46,36
D705,20,2021-11-24 11:52:00,2021-11-24 09:21:00,南京,上海,46,36
G1509,20,2021-11-24 07:00:00,2021-11-24 08:35:00,南京,上海,46,36
G7039,20,2021-11-24 07:12:00,2021-11-24 09:15:00,南京,上海,46,36
G7103,20,2021-11-24 07:19:00,2021-11-24 09:25:00,南京,上海,46,36
G7271,20,2021-11-24 07:24:00,2021-11-24 09:30:00,南京,上海,46,36
G7349,20,2021-11-24 07:30:00,2021-11-24 09:07:00,南京,上海,46,36
G1377,20,2021-11-24 07:39:00,2021-11-24 09:22:00,南京,上海,46,36
G7393,20,2021-11-24 07:43:00,2021-11-24 10:59:00,南京,上海,46,36
G7003,20,2021-11-24 08:00:00,2021-11-24 09:40:00,南京,上海,46,36
G7041,20,2021-11-24 08:10:00,2021-11-24 10:03:00,南京,上海,46,36
G7507,20,2021-11-24 08:24:00,2021-11-24 09:59:00,南京,上海,46,36
G7589,20,2021-11-24 08:39:00,2021-11-24 10:29:00,南京,上海,46,36
G7259,20,2021-11-24 08:58:00,2021-11-24 10:13:00,南京,上海,46,36
Z163,20,2021-11-24 09:00:00,2021-11-24 11:51:00,南京,上海,46,36
G7289,20,2021-11-24 09:05:00,2021-11-24 10:53:00,南京,上海,46,36
G7107,20,2021-11-24 09:10:00,2021-11-24 11:07:00,南京,上海,46,36
Z267,20,2021-11-24 09:12:00,2021-11-24 12:23:00,南京,上海,46,36
G7185,20,2021-11-24 09:16:00,2021-11-24 10:24:00,南京,上海,46,36
T131,20,2021-11-24 09:28:00,2021-11-24 12:44:00,南京,上海,46,36
G7045,20,2021-11-24 09:34:00,2021-11-24 11:39:00,南京,上海,46,36
G7787,20,2021-11-24 09:41:00,2021-11-24 11:09:00,南京,上海,46,36
K559,20,2021-11-24 09:45:00,2021-11-24 13:48:00,南京,上海,46,36
G7109,20,2021-11-24 09:55:00,2021-11-24 12:00:00,南京,上海,46,36
Z251,20,2021-11-24 10:00:00,2021-11-24 12:50:00,南京,上海,46,36
G7791,20,2021-11-24 10:03:00,2021-11-24 11:47:00,南京,上海,46,36
G297,20,2021-11-24 10:08:00,2021-11-24 11:37:00,南京,上海,46,36
G5,20,2021-11-24 10:24:00,2021-11-24 11:29:00,南京,上海,46,36
T115,20,2021-11-24 10:25:00,2021-11-24 13:30:00,南京,上海,46,36
G7111,20,2021-11-24 10:29:00,2021-11-24 12:30:00,南京,上海,46,36
G7071,20,2021-11-24 10:34:00,2021-11-24 12:35:00,南京,上海,46,36
G7159,20,2021-11-24 10:42:00,2021-11-24 12:45:00,南京,上海,46,36
G7299,20,2021-11-24 10:48:00,2021-11-24 12:27:00,南京,上海,46,36
G7375,20,2021-11-24 10:57:00,2021-11-24 12:32:00,南京,上海,46,36
D3013,20,2021-11-24 11:04:00,2021-11-24 13:18:00,南京,上海,46,36
G7075,20,2021-11-24 11:09:00,2021-11-24 13:16:00,南京,上海,46,36
G101,20,2021-11-24 11:16:00,2021-11-24 12:40:00,南京,上海,46,36
G1735,20,2021-11-24 11:20:00,2021-11-24 13:17:00,南京,上海,46,36
G1801,20,2021-11-24 11:39:00,2021-11-24 13:03:00,南京,上海,46,36
D3009,20,2021-11-24 11:46:00,2021-11-24 13:53:00,南京,上海,46,36
G105,20,2021-11-24 11:53:00,2021-11-24 13:08:00,南京,上海,46,36
G7011,20,2021-11-24 12:00:00,2021-11-24 13:40:00,南京,上海,46,36
G1715,20,2021-11-24 12:07:00,2021-11-24 13:23:00,南京,上海,46,36
G1809,20,2021-11-24 12:11:00,2021-11-24 14:07:00,南京,上海,46,36
G7051,20,2021-11-24 12:15:00,2021-11-24 14:12:00,南京,上海,46,36
K187,20,2021-11-24 12:18:00,2021-11-24 15:58:00,南京,上海,46,36
G1959,20,2021-11-24 12:33:00,2021-11-24 13:54:00,南京,上海,46,36
G1775,20,2021-11-24 12:38:00,2021-11-24 14:37:00,南京,上海,46,36
D3005,20,2021-11-24 12:46:00,2021-11-24 15:15:00,南京,上海,46,36
Z303,20,2021-11-24 12:52:00,2021-11-24 16:10:00,南京,上海,46,36
G1767,20,2021-11-24 12:59:00,2021-11-24 15:07:00,南京,上海,46,36
G441,20,2021-11-24 13:11:00,2021-11-24 14:57:00,南京,上海,46,36
G7079,20,2021-11-24 13:14:00,2021-11-24 15:20:00,南京,上海,46,36
G7053,20,2021-11-24 13:14:00,2021-11-24 15:16:00,南京,上海,46,36
C3862,20,2021-11-24 13:20:00,2021-11-24 17:14:00,南京,上海,46,36
G7,20,2021-11-24 13:25:00,2021-11-24 14:28:00,南京,上海,46,36
G7127,20,2021-11-24 13:33:00,2021-11-24 15:24:00,南京,上海,46,36
G115,20,2021-11-24 13:41:00,2021-11-24 14:58:00,南京,上海,46,36
G7055,20,2021-11-24 13:41:00,2021-11-24 15:45:00,南京,上海,46,36
G1813,20,2021-11-24 13:52:00,2021-11-24 15:23:00,南京,上海,46,36
G7015,20,2021-11-24 14:00:00,2021-11-24 15:40:00,南京,上海,46,36
G117,20,2021-11-24 14:07:00,2021-11-24 15:38:00,南京,上海,46,36
1227,20,2021-11-24 14:16:00,2021-11-24 18:13:00,南京,上海,46,36
G2811,20,2021-11-24 14:23:00,2021-11-24 15:47:00,南京,上海,46,36
G7135,20,2021-11-24 14:29:00,2021-11-24 16:23:00,南京,上海,46,36
G7117,20,2021-11-24 14:46:00,2021-11-24 16:44:00,南京,上海,46,36
C3866,20,2021-11-24 14:48:00,2021-11-24 18:48:00,南京,上海,46,36
G229,20,2021-11-24 14:54:00,2021-11-24 16:11:00,南京,上海,46,36
G7017,20,2021-11-24 15:00:00,2021-11-24 16:40:00,南京,上海,46,36
G7139,20,2021-11-24 15:11:00,2021-11-24 17:18:00,南京,上海,46,36
G3151,20,2021-11-24 15:23:00,2021-11-24 17:12:00,南京,上海,46,36
G9,20,2021-11-24 15:32:00,2021-11-24 16:36:00,南京,上海,46,36
G125,20,2021-11-24 15:36:00,2021-11-24 17:07:00,南京,上海,46,36
G3251,20,2021-11-24 15:40:00,2021-11-24 17:29:00,南京,上海,46,36
G7385,20,2021-11-24 15:45:00,2021-11-24 17:33:00,南京,上海,46,36
G411,20,2021-11-24 15:59:00,2021-11-24 17:25:00,南京,上海,46,36
G7371,20,2021-11-24 16:04:00,2021-11-24 18:11:00,南京,上海,46,36
G7063,20,2021-11-24 16:05:00,2021-11-24 18:21:00,南京,上海,46,36
G7281,20,2021-11-24 16:09:00,2021-11-24 18:02:00,南京,上海,46,36
D3071,20,2021-11-24 16:18:00,2021-11-24 18:47:00,南京,上海,46,36
G7709,20,2021-11-24 16:19:00,2021-11-24 17:49:00,南京,上海,46,36
G7243,20,2021-11-24 16:28:00,2021-11-24 18:34:00,南京,上海,46,36
G7119,20,2021-11-24 16:30:00,2021-11-24 18:26:00,南京,上海,46,36
G1817,20,2021-11-24 16:49:00,2021-11-24 18:12:00,南京,上海,46,36
G7021,20,2021-11-24 17:00:00,2021-11-24 18:39:00,南京,上海,46,36
D2211,20,2021-11-24 17:02:00,2021-11-24 19:20:00,南京,上海,46,36
G7267,20,2021-11-24 17:10:00,2021-11-24 19:11:00,南京,上海,46,36
G7491,20,2021-11-24 17:18:00,2021-11-24 19:29:00,南京,上海,46,36
G7083,20,2021-11-24 17:23:00,2021-11-24 19:25:00,南京,上海,46,36
G597,20,2021-11-24 17:33:00,2021-11-24 18:35:00,南京,上海,46,36
G135,20,2021-11-24 17:41:00,2021-11-24 18:59:00,南京,上海,46,36
G7247,20,2021-11-24 17:41:00,2021-11-24 20:07:00,南京,上海,46,36
G7235,20,2021-11-24 17:49:00,2021-11-24 19:50:00,南京,上海,46,36
G137,20,2021-11-24 17:55:00,2021-11-24 19:18:00,南京,上海,46,36
C3870,20,2021-11-24 17:59:00,2021-11-24 21:51:00,南京,上海,46,36
G1923,20,2021-11-24 18:03:00,2021-11-24 19:39:00,南京,上海,46,36
G3163,20,2021-11-24 18:08:00,2021-11-24 20:15:00,南京,上海,46,36
G7065,20,2021-11-24 18:09:00,2021-11-24 20:13:00,南京,上海,46,36
G11,20,2021-11-24 18:24:00,2021-11-24 19:33:00,南京,上海,46,36
G139,20,2021-11-24 18:31:00,2021-11-24 20:05:00,南京,上海,46,36
G7123,20,2021-11-24 18:34:00,2021-11-24 20:51:00,南京,上海,46,36
G141,20,2021-11-24 18:42:00,2021-11-24 20:10:00,南京,上海,46,36
D3055,20,2021-11-24 18:48:00,2021-11-24 21:18:00,南京,上海,46,36
K8365,20,2021-11-24 18:54:00,2021-11-24 22:28:00,南京,上海,46,36
G7025,20,2021-11-24 19:00:00,2021-11-24 20:40:00,南京,上海,46,36
G145,20,2021-11-24 19:05:00,2021-11-24 20:34:00,南京,上海,46,36
G7279,20,2021-11-24 19:14:00,2021-11-24 20:51:00,南京,上海,46,36
D3067,20,2021-11-24 19:14:00,2021-11-24 22:03:00,南京,上海,46,36
D3021,20,2021-11-24 19:20:00,2021-11-24 21:51:00,南京,上海,46,36
G7763,20,2021-11-24 19:29:00,2021-11-24 21:12:00,南京,上海,46,36
G7251,20,2021-11-24 19:36:00,2021-11-24 21:30:00,南京,上海,46,36
G1969,20,2021-11-24 19:56:00,2021-11-24 21:26:00,南京,上海,46,36
G7027,20,2021-11-24 20:00:00,2021-11-24 21:42:00,南京,上海,46,36
G7217,20,2021-11-24 20:04:00,2021-11-24 21:59:00,南京,上海,46,36
D351,20,2021-11-24 20:08:00,2021-11-24 22:21:00,南京,上海,46,36
G13,20,2021-11-24 20:24:00,2021-11-24 21:36:00,南京,上海,46,36
G7275,20,2021-11-24 20:34:00,2021-11-24 21:55:00,南京,上海,46,36
G7091,20,2021-11-24 20:40:00,2021-11-24 22:48:00,南京,上海,46,36
G1235,20,2021-11-24 20:48:00,2021-11-24 22:16:00,南京,上海,46,36
G1973,20,2021-11-24 20:57:00,2021-11-24 22:25:00,南京,上海,46,36
G1231,20,2021-11-24 21:09:00,2021-11-24 22:30:00,南京,上海,46,36
K1511,20,2021-11-25 00:46:00,2021-11-25 04:21:00,南京,上海,46,36
K8351,20,2021-11-25 00:58:00,2021-11-25 05:08:00,南京,上海,46,36
K1047,20,2021-11-25 01:11:00,2021-11-25 05:04:00,南京,上海,46,36
K1555,20,2021-11-25 01:30:00,2021-11-25 05:23:00,南京,上海,46,36
Z375,20,2021-11-25 01:45:00,2021-11-25 05:32:00,南京,上海,46,36
K359,20,2021-11-25 02:12:00,2021-11-25 05:56:00,南京,上海,46,36
K151,20,2021-11-25 02:50:00,2021-11-25 11:48:00,南京,上海,46,36
K8361,20,2021-11-25 03:10:00,2021-11-25 08:00:00,南京,上海,46,36
D309,20,2021-11-25 03:44:00,2021-11-25 11:26:00,南京,上海,46,36
K281,20,2021-11-25 04:00:00,2021-11-25 07:10:00,南京,上海,46,36
D709,20,2021-11-25 05:16:00,2021-11-25 07:44:00,南京,上海,46,36
G7029,20,2021-11-25 05:36:00,2021-11-25 07:30:00,南京,上海,46,36
G7031,20,2021-11-25 11:00:00,2021-11-25 07:50:00,南京,上海,46,36
C3854,20,2021-11-25 11:05:00,2021-11-25 09:56:00,南京,上海,46,36
G7035,20,2021-11-25 11:31:00,2021-11-25 08:35:00,南京,上海,46,36
G7037,20,2021-11-25 11:48:00,2021-11-25 08:58:00,南京,上海,46,36
G7001,20,2021-11-25 07:00:00,2021-11-25 08:39:00,南京,上海,46,36
G7043,20,2021-11-25 07:09:00,2021-11-25 09:36:00,南京,上海,46,36
G7505,20,2021-11-25 07:13:00,2021-11-25 08:55:00,南京,上海,46,36
Z195,20,2021-11-25 07:20:00,2021-11-25 10:02:00,南京,上海,46,36
G7313,20,2021-11-25 07:24:00,2021-11-25 09:12:00,南京,上海,46,36
G7389,20,2021-11-25 07:33:00,2021-11-25 09:43:00,南京,上海,46,36
K737,20,2021-11-25 07:41:00,2021-11-25 12:05:00,南京,上海,46,36
T109,20,2021-11-25 07:50:00,2021-11-25 11:00:00,南京,上海,46,36
D3135,20,2021-11-25 08:10:00,2021-11-25 10:37:00,南京,上海,46,36
G7225,20,2021-11-25 08:16:00,2021-11-25 10:18:00,南京,上海,46,36
G7255,20,2021-11-25 08:35:00,2021-11-25 10:58:00,南京,上海,46,36
G7105,20,2021-11-25 08:47:00,2021-11-25 10:43:00,南京,上海,46,36
G7005,20,2021-11-25 09:00:00,2021-11-25 10:39:00,南京,上海,46,36
G7147,20,2021-11-25 09:01:00,2021-11-25 11:02:00,南京,上海,46,36
Z39,20,2021-11-25 09:11:00,2021-11-25 11:59:00,南京,上海,46,36
G7107,20,2021-11-25 09:10:00,2021-11-25 11:07:00,南京,上海,46,36
G7185,20,2021-11-25 09:15:00,2021-11-25 10:37:00,南京,上海,46,36
G7599,20,2021-11-25 09:20:00,2021-11-25 10:54:00,南京,上海,46,36
T131,20,2021-11-25 09:28:00,2021-11-25 12:44:00,南京,上海,46,36
G7045,20,2021-11-25 09:33:00,2021-11-25 11:39:00,南京,上海,46,36
G7787,20,2021-11-25 09:40:00,2021-11-25 11:09:00,南京,上海,46,36
K559,20,2021-11-25 09:45:00,2021-11-25 13:48:00,南京,上海,46,36
G7109,20,2021-11-25 09:55:00,2021-11-25 12:00:00,南京,上海,46,36
Z251,20,2021-11-25 10:00:00,2021-11-25 12:50:00,南京,上海,46,36
G7791,20,2021-11-25 10:00:00,2021-11-25 11:43:00,南京,上海,46,36
G297,20,2021-11-25 10:12:00,2021-11-25 12:03:00,南京,上海,46,36
T115,20,2021-11-25 10:25:00,2021-11-25 13:30:00,南京,上海,46,36
G1719,20,2021-11-25 10:29:00,2021-11-25 11:30:00,南京,上海,46,36
G7111,20,2021-11-25 10:40:00,2021-11-25 12:28:00,南京,上海,46,36
K371,20,2021-11-25 10:38:00,2021-11-25 14:46:00,南京,上海,46,36
G103,20,2021-11-25 10:43:00,2021-11-25 11:58:00,南京,上海,46,36
G7299,20,2021-11-25 10:52:00,2021-11-25 12:21:00,南京,上海,46,36
G7009,20,2021-11-25 11:00:00,2021-11-25 12:39:00,南京,上海,46,36
D3013,20,2021-11-25 11:03:00,2021-11-25 13:17:00,南京,上海,46,36
G7075,20,2021-11-25 11:09:00,2021-11-25 13:05:00,南京,上海,46,36
G1735,20,2021-11-25 11:16:00,2021-11-25 12:54:00,南京,上海,46,36
G367,20,2021-11-25 11:29:00,2021-11-25 12:31:00,南京,上海,46,36
G1801,20,2021-11-25 11:36:00,2021-11-25 12:59:00,南京,上海,46,36
G105,20,2021-11-25 11:47:00,2021-11-25 13:03:00,南京,上海,46,36
G107,20,2021-11-25 11:57:00,2021-11-25 13:12:00,南京,上海,46,36
G1715,20,2021-11-25 12:07:00,2021-11-25 13:29:00,南京,上海,46,36
G109,20,2021-11-25 12:13:00,2021-11-25 13:48:00,南京,上海,46,36
G7051,20,2021-11-25 12:15:00,2021-11-25 14:12:00,南京,上海,46,36
K187,20,2021-11-25 12:18:00,2021-11-25 15:58:00,南京,上海,46,36
G1959,20,2021-11-25 12:33:00,2021-11-25 13:57:00,南京,上海,46,36
G7131,20,2021-11-25 12:37:00,2021-11-25 14:29:00,南京,上海,46,36
G111,20,2021-11-25 12:43:00,2021-11-25 14:11:00,南京,上海,46,36
G7229,20,2021-11-25 12:47:00,2021-11-25 15:02:00,南京,上海,46,36
G261,20,2021-11-25 12:53:00,2021-11-25 14:22:00,南京,上海,46,36
G1767,20,2021-11-25 13:02:00,2021-11-25 15:12:00,南京,上海,46,36
G7053,20,2021-11-25 13:13:00,2021-11-25 15:08:00,南京,上海,46,36
G7079,20,2021-11-25 13:14:00,2021-11-25 15:20:00,南京,上海,46,36
C3862,20,2021-11-25 13:20:00,2021-11-25 17:14:00,南京,上海,46,36
G7,20,2021-11-25 13:26:00,2021-11-25 14:35:00,南京,上海,46,36
G7127,20,2021-11-25 13:33:00,2021-11-25 15:24:00,南京,上海,46,36
G359,20,2021-11-25 13:41:00,2021-11-25 15:11:00,南京,上海,46,36
G7055,20,2021-11-25 13:41:00,2021-11-25 15:45:00,南京,上海,46,36
K2185,20,2021-11-25 13:47:00,2021-11-25 18:01:00,南京,上海,46,36
G7231,20,2021-11-25 13:58:00,2021-11-25 16:09:00,南京,上海,46,36
G119,20,2021-11-25 14:02:00,2021-11-25 15:32:00,南京,上海,46,36
G1727,20,2021-11-25 14:08:00,2021-11-25 15:47:00,南京,上海,46,36
1227,20,2021-11-25 14:16:00,2021-11-25 18:13:00,南京,上海,46,36
G2811,20,2021-11-25 14:25:00,2021-11-25 15:51:00,南京,上海,46,36
G9,20,2021-11-25 14:34:00,2021-11-25 15:37:00,南京,上海,46,36
G267,20,2021-11-25 14:48:00,2021-11-25 16:16:00,南京,上海,46,36
G7171,20,2021-11-25 14:49:00,2021-11-25 17:11:00,南京,上海,46,36
G7017,20,2021-11-25 15:00:00,2021-11-25 16:40:00,南京,上海,46,36
G1915,20,2021-11-25 15:09:00,2021-11-25 16:43:00,南京,上海,46,36
G3151,20,2021-11-25 15:19:00,2021-11-25 16:54:00,南京,上海,46,36
D3045,20,2021-11-25 15:26:00,2021-11-25 17:30:00,南京,上海,46,36
G7263,20,2021-11-25 15:36:00,2021-11-25 17:23:00,南京,上海,46,36
G3251,20,2021-11-25 15:43:00,2021-11-25 17:40:00,南京,上海,46,36
G7385,20,2021-11-25 15:48:00,2021-11-25 17:18:00,南京,上海,46,36
G7019,20,2021-11-25 16:00:00,2021-11-25 17:40:00,南京,上海,46,36
G1209,20,2021-11-25 16:04:00,2021-11-25 17:47:00,南京,上海,46,36
G7063,20,2021-11-25 16:05:00,2021-11-25 18:21:00,南京,上海,46,36
G1955,20,2021-11-25 16:11:00,2021-11-25 17:54:00,南京,上海,46,36
D3071,20,2021-11-25 16:16:00,2021-11-25 19:00:00,南京,上海,46,36
G675,20,2021-11-25 16:23:00,2021-11-25 18:11:00,南京,上海,46,36
G13,20,2021-11-25 16:32:00,2021-11-25 17:35:00,南京,上海,46,36
G7239,20,2021-11-25 16:47:00,2021-11-25 18:51:00,南京,上海,46,36
G1821,20,2021-11-25 16:57:00,2021-11-25 18:26:00,南京,上海,46,36
G7021,20,2021-11-25 17:00:00,2021-11-25 18:40:00,南京,上海,46,36
G7267,20,2021-11-25 17:09:00,2021-11-25 19:11:00,南京,上海,46,36
G139,20,2021-11-25 17:16:00,2021-11-25 19:11:00,南京,上海,46,36
G7083,20,2021-11-25 17:23:00,2021-11-25 19:25:00,南京,上海,46,36
G1825,20,2021-11-25 17:28:00,2021-11-25 18:37:00,南京,上海,46,36
G7155,20,2021-11-25 17:36:00,2021-11-25 19:47:00,南京,上海,46,36
G7247,20,2021-11-25 17:41:00,2021-11-25 19:52:00,南京,上海,46,36
G1251,20,2021-11-25 17:45:00,2021-11-25 19:15:00,南京,上海,46,36
G7235,20,2021-11-25 17:49:00,2021-11-25 19:50:00,南京,上海,46,36
C3870,20,2021-11-25 17:59:00,2021-11-25 21:51:00,南京,上海,46,36
G141,20,2021-11-25 18:02:00,2021-11-25 19:24:00,南京,上海,46,36
G3163,20,2021-11-25 18:08:00,2021-11-25 20:15:00,南京,上海,46,36
G7065,20,2021-11-25 18:09:00,2021-11-25 20:14:00,南京,上海,46,36
G17,20,2021-11-25 18:26:00,2021-11-25 19:34:00,南京,上海,46,36
G143,20,2021-11-25 18:32:00,2021-11-25 20:07:00,南京,上海,46,36
G7123,20,2021-11-25 18:34:00,2021-11-25 20:36:00,南京,上海,46,36
G1213,20,2021-11-25 18:43:00,2021-11-25 20:23:00,南京,上海,46,36
G1723,20,2021-11-25 18:52:00,2021-11-25 19:54:00,南京,上海,46,36
G145,20,2021-11-25 18:56:00,2021-11-25 20:12:00,南京,上海,46,36
G7763,20,2021-11-25 19:00:00,2021-11-25 20:39:00,南京,上海,46,36
G269,20,2021-11-25 19:05:00,2021-11-25 20:53:00,南京,上海,46,36
G147,20,2021-11-25 19:11:00,2021-11-25 20:43:00,南京,上海,46,36
D3021,20,2021-11-25 19:19:00,2021-11-25 21:24:00,南京,上海,46,36
G19,20,2021-11-25 19:26:00,2021-11-25 20:28:00,南京,上海,46,36
G225,20,2021-11-25 19:31:00,2021-11-25 21:10:00,南京,上海,46,36
G149,20,2021-11-25 19:41:00,2021-11-25 21:10:00,南京,上海,46,36
G1969,20,2021-11-25 19:51:00,2021-11-25 21:35:00,南京,上海,46,36
G1203,20,2021-11-25 19:59:00,2021-11-25 21:40:00,南京,上海,46,36
G7027,20,2021-11-25 20:00:00,2021-11-25 21:54:00,南京,上海,46,36
G7217,20,2021-11-25 20:10:00,2021-11-25 21:59:00,南京,上海,46,36
G1935,20,2021-11-25 20:20:00,2021-11-25 21:23:00,南京,上海,46,36
G7275,20,2021-11-25 20:34:00,2021-11-25 21:49:00,南京,上海,46,36
G7091,20,2021-11-25 20:40:00,2021-11-25 22:48:00,南京,上海,46,36
G53,20,2021-11-25 20:48:00,2021-11-25 22:23:00,南京,上海,46,36
G1973,20,2021-11-25 20:59:00,2021-11-25 22:32:00,南京,上海,46,36
G153,20,2021-11-25 21:11:00,2021-11-25 22:27:00,南京,上海,46,36
K1511,20,2021-11-26 00:46:00,2021-11-26 04:24:00,南京,上海,46,36
K8351,20,2021-11-26 00:58:00,2021-11-26 05:08:00,南京,上海,46,36
K1047,20,2021-11-26 01:11:00,2021-11-26 05:04:00,南京,上海,46,36
K1555,20,2021-11-26 01:30:00,2021-11-26 05:23:00,南京,上海,46,36
Z375,20,2021-11-26 01:45:00,2021-11-26 05:32:00,南京,上海,46,36
K359,20,2021-11-26 02:12:00,2021-11-26 05:56:00,南京,上海,46,36
K151,20,2021-11-26 02:50:00,2021-11-26 11:48:00,南京,上海,46,36
K8361,20,2021-11-26 03:10:00,2021-11-26 08:00:00,南京,上海,46,36
K233,20,2021-11-26 03:50:00,2021-11-26 09:05:00,南京,上海,46,36
K1101,20,2021-11-26 04:25:00,2021-11-26 08:59:00,南京,上海,46,36
D709,20,2021-11-26 05:16:00,2021-11-26 07:44:00,南京,上海,46,36
G7029,20,2021-11-26 05:36:00,2021-11-26 07:30:00,南京,上海,46,36
G7031,20,2021-11-26 11:00:00,2021-11-26 07:50:00,南京,上海,46,36
C3854,20,2021-11-26 11:05:00,2021-11-26 09:56:00,南京,上海,46,36
G7035,20,2021-11-26 11:31:00,2021-11-26 08:35:00,南京,上海,46,36
G7037,20,2021-11-26 11:48:00,2021-11-26 08:58:00,南京,上海,46,36
G7001,20,2021-11-26 07:00:00,2021-11-26 08:39:00,南京,上海,46,36
G7043,20,2021-11-26 07:09:00,2021-11-26 09:36:00,南京,上海,46,36
G7505,20,2021-11-26 07:13:00,2021-11-26 08:55:00,南京,上海,46,36
Z195,20,2021-11-26 07:20:00,2021-11-26 10:02:00,南京,上海,46,36
G7313,20,2021-11-26 07:24:00,2021-11-26 09:12:00,南京,上海,46,36
G7389,20,2021-11-26 07:33:00,2021-11-26 09:43:00,南京,上海,46,36
K737,20,2021-11-26 07:41:00,2021-11-26 12:05:00,南京,上海,46,36
T109,20,2021-11-26 07:50:00,2021-11-26 11:00:00,南京,上海,46,36
D3135,20,2021-11-26 08:10:00,2021-11-26 10:37:00,南京,上海,46,36
G7225,20,2021-11-26 08:16:00,2021-11-26 10:18:00,南京,上海,46,36
G7255,20,2021-11-26 08:35:00,2021-11-26 10:58:00,南京,上海,46,36
G7105,20,2021-11-26 08:47:00,2021-11-26 10:43:00,南京,上海,46,36
G7259,20,2021-11-26 08:56:00,2021-11-26 09:59:00,南京,上海,46,36
Z163,20,2021-11-26 09:00:00,2021-11-26 11:51:00,南京,上海,46,36
G7289,20,2021-11-26 09:04:00,2021-11-26 10:53:00,南京,上海,46,36
G7175,20,2021-11-26 09:10:00,2021-11-26 10:13:00,南京,上海,46,36
Z267,20,2021-11-26 09:12:00,2021-11-26 12:14:00,南京,上海,46,36
C3858,20,2021-11-26 09:15:00,2021-11-26 13:07:00,南京,上海,46,36
G7431,20,2021-11-26 09:24:00,2021-11-26 10:59:00,南京,上海,46,36
G7291,20,2021-11-26 09:29:00,2021-11-26 11:09:00,南京,上海,46,36
G2661,20,2021-11-26 09:34:00,2021-11-26 11:14:00,南京,上海,46,36
G7591,20,2021-11-26 09:42:00,2021-11-26 11:55:00,南京,上海,46,36
K849,20,2021-11-26 09:51:00,2021-11-26 14:01:00,南京,上海,46,36
G7221,20,2021-11-26 09:59:00,2021-11-26 12:15:00,南京,上海,46,36
G7007,20,2021-11-26 10:00:00,2021-11-26 11:46:00,南京,上海,46,36
Z171,20,2021-11-26 10:11:00,2021-11-26 13:01:00,南京,上海,46,36
G1763,20,2021-11-26 10:16:00,2021-11-26 11:48:00,南京,上海,46,36
G1,20,2021-11-26 10:26:00,2021-11-26 11:29:00,南京,上海,46,36
G7111,20,2021-11-26 10:29:00,2021-11-26 12:28:00,南京,上海,46,36
G7071,20,2021-11-26 10:34:00,2021-11-26 12:35:00,南京,上海,46,36
G7159,20,2021-11-26 10:41:00,2021-11-26 12:45:00,南京,上海,46,36
K1155,20,2021-11-26 10:44:00,2021-11-26 14:40:00,南京,上海,46,36
G7375,20,2021-11-26 10:58:00,2021-11-26 12:20:00,南京,上海,46,36
G7595,20,2021-11-26 11:03:00,2021-11-26 12:35:00,南京,上海,46,36
G7181,20,2021-11-26 11:09:00,2021-11-26 12:46:00,南京,上海,46,36
G7075,20,2021-11-26 11:09:00,2021-11-26 13:16:00,南京,上海,46,36
D3141,20,2021-11-26 11:18:00,2021-11-26 13:12:00,南京,上海,46,36
G367,20,2021-11-26 11:29:00,2021-11-26 12:31:00,南京,上海,46,36
G1801,20,2021-11-26 11:36:00,2021-11-26 12:59:00,南京,上海,46,36
G105,20,2021-11-26 11:47:00,2021-11-26 13:03:00,南京,上海,46,36
G107,20,2021-11-26 11:57:00,2021-11-26 13:12:00,南京,上海,46,36
G1715,20,2021-11-26 12:07:00,2021-11-26 13:29:00,南京,上海,46,36
G109,20,2021-11-26 12:13:00,2021-11-26 13:48:00,南京,上海,46,36
G7051,20,2021-11-26 12:15:00,2021-11-26 14:12:00,南京,上海,46,36
K187,20,2021-11-26 12:18:00,2021-11-26 15:58:00,南京,上海,46,36
G1959,20,2021-11-26 12:33:00,2021-11-26 13:57:00,南京,上海,46,36
G7131,20,2021-11-26 12:37:00,2021-11-26 14:29:00,南京,上海,46,36
G111,20,2021-11-26 12:43:00,2021-11-26 14:11:00,南京,上海,46,36
G7229,20,2021-11-26 12:47:00,2021-11-26 15:02:00,南京,上海,46,36
G261,20,2021-11-26 12:53:00,2021-11-26 14:22:00,南京,上海,46,36
G1767,20,2021-11-26 13:02:00,2021-11-26 15:12:00,南京,上海,46,36
G7053,20,2021-11-26 13:13:00,2021-11-26 15:08:00,南京,上海,46,36
G7079,20,2021-11-26 13:14:00,2021-11-26 15:20:00,南京,上海,46,36
K525,20,2021-11-26 13:17:00,2021-11-26 17:45:00,南京,上海,46,36
D3041,20,2021-11-26 13:23:00,2021-11-26 16:00:00,南京,上海,46,36
G115,20,2021-11-26 13:33:00,2021-11-26 14:48:00,南京,上海,46,36
G263,20,2021-11-26 13:37:00,2021-11-26 14:56:00,南京,上海,46,36
K515,20,2021-11-26 13:41:00,2021-11-26 17:33:00,南京,上海,46,36
G117,20,2021-11-26 13:46:00,2021-11-26 15:02:00,南京,上海,46,36
G1813,20,2021-11-26 13:50:00,2021-11-26 15:20:00,南京,上海,46,36
G7015,20,2021-11-26 14:00:00,2021-11-26 15:41:00,南京,上海,46,36
G7571,20,2021-11-26 14:03:00,2021-11-26 16:08:00,南京,上海,46,36
G121,20,2021-11-26 14:16:00,2021-11-26 15:42:00,南京,上海,46,36
C3778,20,2021-11-26 14:17:00,2021-11-26 18:12:00,南京,上海,46,36
G7135,20,2021-11-26 14:29:00,2021-11-26 16:23:00,南京,上海,46,36
G7195,20,2021-11-26 14:37:00,2021-11-26 15:59:00,南京,上海,46,36
G267,20,2021-11-26 14:48:00,2021-11-26 16:16:00,南京,上海,46,36
G7171,20,2021-11-26 14:49:00,2021-11-26 17:11:00,南京,上海,46,36
G7017,20,2021-11-26 15:00:00,2021-11-26 16:40:00,南京,上海,46,36
G1915,20,2021-11-26 15:09:00,2021-11-26 16:43:00,南京,上海,46,36
G3151,20,2021-11-26 15:19:00,2021-11-26 16:54:00,南京,上海,46,36
D3045,20,2021-11-26 15:26:00,2021-11-26 17:30:00,南京,上海,46,36
G11,20,2021-11-26 15:35:00,2021-11-26 16:38:00,南京,上海,46,36
G127,20,2021-11-26 15:40:00,2021-11-26 17:12:00,南京,上海,46,36
G7143,20,2021-11-26 15:44:00,2021-11-26 17:44:00,南京,上海,46,36
G129,20,2021-11-26 15:59:00,2021-11-26 17:27:00,南京,上海,46,36
G7371,20,2021-11-26 16:04:00,2021-11-26 18:11:00,南京,上海,46,36
G7063,20,2021-11-26 16:05:00,2021-11-26 18:11:00,南京,上海,46,36
G7281,20,2021-11-26 16:09:00,2021-11-26 18:02:00,南京,上海,46,36
D3071,20,2021-11-26 16:16:00,2021-11-26 18:25:00,南京,上海,46,36
G133,20,2021-11-26 16:16:00,2021-11-26 18:07:00,南京,上海,46,36
G7243,20,2021-11-26 16:28:00,2021-11-26 18:36:00,南京,上海,46,36
G1919,20,2021-11-26 16:37:00,2021-11-26 18:11:00,南京,上海,46,36
G7239,20,2021-11-26 16:47:00,2021-11-26 18:51:00,南京,上海,46,36
G1821,20,2021-11-26 16:57:00,2021-11-26 18:26:00,南京,上海,46,36
G7021,20,2021-11-26 17:00:00,2021-11-26 18:40:00,南京,上海,46,36
G137,20,2021-11-26 17:08:00,2021-11-26 18:56:00,南京,上海,46,36
G7121,20,2021-11-26 17:10:00,2021-11-26 18:56:00,南京,上海,46,36
G7491,20,2021-11-26 17:18:00,2021-11-26 19:28:00,南京,上海,46,36
G15,20,2021-11-26 17:24:00,2021-11-26 18:33:00,南京,上海,46,36
G597,20,2021-11-26 17:33:00,2021-11-26 18:42:00,南京,上海,46,36
G1923,20,2021-11-26 17:38:00,2021-11-26 19:10:00,南京,上海,46,36
G7247,20,2021-11-26 17:41:00,2021-11-26 20:07:00,南京,上海,46,36
G1865,20,2021-11-26 17:49:00,2021-11-26 19:19:00,南京,上海,46,36
G1771,20,2021-11-26 17:55:00,2021-11-26 19:48:00,南京,上海,46,36
G7023,20,2021-11-26 18:00:00,2021-11-26 19:41:00,南京,上海,46,36
G7295,20,2021-11-26 18:08:00,2021-11-26 19:33:00,南京,上海,46,36
G7065,20,2021-11-26 18:09:00,2021-11-26 20:14:00,南京,上海,46,36
G7397,20,2021-11-26 18:29:00,2021-11-26 21:22:00,南京,上海,46,36
D951,20,2021-11-26 18:33:00,2021-11-26 20:21:00,南京,上海,46,36
K1505,20,2021-11-26 18:41:00,2021-11-26 22:22:00,南京,上海,46,36
G7087,20,2021-11-26 18:49:00,2021-11-26 20:59:00,南京,上海,46,36
K8365,20,2021-11-26 18:54:00,2021-11-26 22:28:00,南京,上海,46,36
D3055,20,2021-11-26 18:57:00,2021-11-26 21:18:00,南京,上海,46,36
G7025,20,2021-11-26 19:00:00,2021-11-26 20:40:00,南京,上海,46,36
D3067,20,2021-11-26 19:08:00,2021-11-26 21:10:00,南京,上海,46,36
G575,20,2021-11-26 19:15:00,2021-11-26 21:00:00,南京,上海,46,36
D3021,20,2021-11-26 19:19:00,2021-11-26 22:09:00,南京,上海,46,36
D3059,20,2021-11-26 19:29:00,2021-11-26 22:08:00,南京,上海,46,36
G7251,20,2021-11-26 19:35:00,2021-11-26 21:30:00,南京,上海,46,36
G1951,20,2021-11-26 19:46:00,2021-11-26 21:27:00,南京,上海,46,36
D635,20,2021-11-26 19:56:00,2021-11-26 22:13:00,南京,上海,46,36
G7027,20,2021-11-26 20:00:00,2021-11-26 21:42:00,南京,上海,46,36
D351,20,2021-11-26 20:01:00,2021-11-26 22:21:00,南京,上海,46,36
G21,20,2021-11-26 20:16:00,2021-11-26 21:18:00,南京,上海,46,36
G151,20,2021-11-26 20:28:00,2021-11-26 22:12:00,南京,上海,46,36
G7069,20,2021-11-26 20:38:00,2021-11-26 22:31:00,南京,上海,46,36
G3179,20,2021-11-26 20:42:00,2021-11-26 22:18:00,南京,上海,46,36
G3229,20,2021-11-26 20:52:00,2021-11-26 22:42:00,南京,上海,46,36
G1231,20,2021-11-26 21:11:00,2021-11-26 22:43:00,南京,上海,46,36
G7072,20,2021-11-24 05:48:00,2021-11-24 07:47:00,上海,南京,144,115
G1970,20,2021-11-24 11:10:00,2021-11-24 07:37:00,上海,南京,144,115
G1802,20,2021-11-24 11:15:00,2021-11-24 07:42:00,上海,南京,144,115
G102,20,2021-11-24 11:26:00,2021-11-24 07:46:00,上海,南京,144,115
G104,20,2021-11-24 11:37:00,2021-11-24 07:59:00,上海,南京,144,115
G3230,20,2021-11-24 11:43:00,2021-11-24 08:59:00,上海,南京,144,115
G7002,20,2021-11-24 11:48:00,2021-11-24 08:41:00,上海,南京,144,115
D3072,20,2021-11-24 07:03:00,2021-11-24 09:12:00,上海,南京,144,115
G106,20,2021-11-24 07:12:00,2021-11-24 08:34:00,上海,南京,144,115
D3056,20,2021-11-24 07:19:00,2021-11-24 09:39:00,上海,南京,144,115
G7395,20,2021-11-24 07:24:00,2021-11-24 10:32:00,上海,南京,144,115
G110,20,2021-11-24 07:28:00,2021-11-24 09:14:00,上海,南京,144,115
G1232,20,2021-11-24 07:33:00,2021-11-24 09:25:00,上海,南京,144,115
G120,20,2021-11-24 07:45:00,2021-11-24 09:18:00,上海,南京,144,115
G598,20,2021-11-24 07:55:00,2021-11-24 08:56:00,上海,南京,144,115
G7004,20,2021-11-24 08:00:00,2021-11-24 09:41:00,上海,南京,144,115
G7268,20,2021-11-24 08:05:00,2021-11-24 10:05:00,上海,南京,144,115
G7036,20,2021-11-24 08:10:00,2021-11-24 10:13:00,上海,南京,144,115
G7232,20,2021-11-24 08:15:00,2021-11-24 10:25:00,上海,南京,144,115
G676,20,2021-11-24 08:30:00,2021-11-24 10:20:00,上海,南京,144,115
G360,20,2021-11-24 08:36:00,2021-11-24 09:44:00,上海,南京,144,115
G212,20,2021-11-24 08:42:00,2021-11-24 10:16:00,上海,南京,144,115
D3022,20,2021-11-24 09:16:00,2021-11-24 11:42:00,上海,南京,144,115
C3856,20,2021-11-24 08:51:00,2021-11-24 12:48:00,上海,南京,144,115
G2,20,2021-11-24 09:00:00,2021-11-24 10:00:00,上海,南京,144,115
K516,20,2021-11-24 09:03:00,2021-11-24 12:53:00,上海,南京,144,115
D3060,20,2021-11-24 09:46:00,2021-11-24 11:59:00,上海,南京,144,115
G7492,20,2021-11-24 09:11:00,2021-11-24 11:10:00,上海,南京,144,115
G54,20,2021-11-24 09:18:00,2021-11-24 10:50:00,上海,南京,144,115
G7372,20,2021-11-24 09:26:00,2021-11-24 11:30:00,上海,南京,144,115
G116,20,2021-11-24 09:34:00,2021-11-24 11:05:00,上海,南京,144,115
D3068,20,2021-11-24 10:08:00,2021-11-24 12:25:00,上海,南京,144,115
G7132,20,2021-11-24 09:41:00,2021-11-24 11:35:00,上海,南京,144,115
G126,20,2021-11-24 09:52:00,2021-11-24 11:31:00,上海,南京,144,115
C3860,20,2021-11-24 09:56:00,2021-11-24 13:53:00,上海,南京,144,115
G7008,20,2021-11-24 10:00:00,2021-11-24 11:40:00,上海,南京,144,115
G7042,20,2021-11-24 10:05:00,2021-11-24 12:04:00,上海,南京,144,115
G1214,20,2021-11-24 10:15:00,2021-11-24 11:45:00,上海,南京,144,115
G7236,20,2021-11-24 10:28:00,2021-11-24 12:38:00,上海,南京,144,115
G7136,20,2021-11-24 10:30:00,2021-11-24 12:32:00,上海,南京,144,115
G122,20,2021-11-24 10:40:00,2021-11-24 12:11:00,上海,南京,144,115
G7386,20,2021-11-24 10:53:00,2021-11-24 12:18:00,上海,南京,144,115
K2186,20,2021-11-24 10:57:00,2021-11-24 15:11:00,上海,南京,144,115
G7010,20,2021-11-24 11:00:00,2021-11-24 12:39:00,上海,南京,144,115
G7106,20,2021-11-24 11:04:00,2021-11-24 12:56:00,上海,南京,144,115
G7572,20,2021-11-24 11:09:00,2021-11-24 13:13:00,上海,南京,144,115
G130,20,2021-11-24 11:15:00,2021-11-24 12:48:00,上海,南京,144,115
G7264,20,2021-11-24 11:20:00,2021-11-24 13:07:00,上海,南京,144,115
G7126,20,2021-11-24 11:24:00,2021-11-24 13:11:00,上海,南京,144,115
G7282,20,2021-11-24 11:33:00,2021-11-24 13:29:00,上海,南京,144,115
G7108,20,2021-11-24 11:38:00,2021-11-24 13:40:00,上海,南京,144,115
G2662,20,2021-11-24 11:45:00,2021-11-24 13:33:00,上海,南京,144,115
G1716,20,2021-11-24 11:50:00,2021-11-24 13:31:00,上海,南京,144,115
G7244,20,2021-11-24 11:58:00,2021-11-24 13:40:00,上海,南京,144,115
G7012,20,2021-11-24 12:05:00,2021-11-24 13:45:00,上海,南京,144,115
G7576,20,2021-11-24 12:12:00,2021-11-24 14:14:00,上海,南京,144,115
G132,20,2021-11-24 12:17:00,2021-11-24 13:38:00,上海,南京,144,115
G412,20,2021-11-24 12:28:00,2021-11-24 13:49:00,上海,南京,144,115
G7296,20,2021-11-24 12:40:00,2021-11-24 14:13:00,上海,南京,144,115
G7110,20,2021-11-24 12:46:00,2021-11-24 14:58:00,上海,南京,144,115
G1928,20,2021-11-24 12:55:00,2021-11-24 14:27:00,上海,南京,144,115
G7014,20,2021-11-24 13:00:00,2021-11-24 14:40:00,上海,南京,144,115
G7182,20,2021-11-24 13:10:00,2021-11-24 14:43:00,上海,南京,144,115
G7248,20,2021-11-24 13:21:00,2021-11-24 15:13:00,上海,南京,144,115
G138,20,2021-11-24 13:29:00,2021-11-24 14:50:00,上海,南京,144,115
G140,20,2021-11-24 13:34:00,2021-11-24 15:05:00,上海,南京,144,115
G7772,20,2021-11-24 13:41:00,2021-11-24 15:43:00,上海,南京,144,115
G1932,20,2021-11-24 13:44:00,2021-11-24 15:30:00,上海,南京,144,115
K738,20,2021-11-24 13:52:00,2021-11-24 18:04:00,上海,南京,144,115
G1720,20,2021-11-24 13:55:00,2021-11-24 14:56:00,上海,南京,144,115
G7016,20,2021-11-24 14:00:00,2021-11-24 15:41:00,上海,南京,144,115
G142,20,2021-11-24 14:10:00,2021-11-24 15:26:00,上海,南京,144,115
G1814,20,2021-11-24 14:15:00,2021-11-24 15:22:00,上海,南京,144,115
G1960,20,2021-11-24 14:20:00,2021-11-24 15:41:00,上海,南京,144,115
G1818,20,2021-11-24 14:29:00,2021-11-24 16:04:00,上海,南京,144,115
G7050,20,2021-11-24 14:38:00,2021-11-24 16:29:00,上海,南京,144,115
D3010,20,2021-11-24 14:41:00,2021-11-24 16:43:00,上海,南京,144,115
G146,20,2021-11-24 14:50:00,2021-11-24 16:19:00,上海,南京,144,115
G7140,20,2021-11-24 14:54:00,2021-11-24 16:57:00,上海,南京,144,115
G7018,20,2021-11-24 15:00:00,2021-11-24 16:45:00,上海,南京,144,115
C3772,20,2021-11-24 15:09:00,2021-11-24 19:09:00,上海,南京,144,115
G1776,20,2021-11-24 15:17:00,2021-11-24 16:52:00,上海,南京,144,115
G148,20,2021-11-24 15:22:00,2021-11-24 16:44:00,上海,南京,144,115
G1736,20,2021-11-24 15:31:00,2021-11-24 17:03:00,上海,南京,144,115
G1822,20,2021-11-24 15:40:00,2021-11-24 17:05:00,上海,南京,144,115
G7152,20,2021-11-24 15:43:00,2021-11-24 17:53:00,上海,南京,144,115
G170,20,2021-11-24 15:52:00,2021-11-24 17:12:00,上海,南京,144,115
G1768,20,2021-11-24 15:57:00,2021-11-24 17:41:00,上海,南京,144,115
D3142,20,2021-11-24 16:01:00,2021-11-24 18:02:00,上海,南京,144,115
K372,20,2021-11-24 16:03:00,2021-11-24 19:48:00,上海,南京,144,115
G150,20,2021-11-24 16:07:00,2021-11-24 17:21:00,上海,南京,144,115
G7054,20,2021-11-24 16:13:00,2021-11-24 18:16:00,上海,南京,144,115
Z40,20,2021-11-24 16:17:00,2021-11-24 19:13:00,上海,南京,144,115
G7592,20,2021-11-24 16:24:00,2021-11-24 18:41:00,上海,南京,144,115
K152,20,2021-11-24 16:31:00,2021-11-24 20:33:00,上海,南京,144,115
K48,20,2021-11-24 16:34:00,2021-11-24 20:39:00,上海,南京,144,115
G216,20,2021-11-24 16:38:00,2021-11-24 18:07:00,上海,南京,144,115
D3042,20,2021-11-24 16:47:00,2021-11-24 19:05:00,上海,南京,144,115
G1728,20,2021-11-24 16:55:00,2021-11-24 17:56:00,上海,南京,144,115
G7022,20,2021-11-24 17:00:00,2021-11-24 18:41:00,上海,南京,144,115
G1940,20,2021-11-24 17:11:00,2021-11-24 18:19:00,上海,南京,144,115
G156,20,2021-11-24 17:18:00,2021-11-24 18:39:00,上海,南京,144,115
G7056,20,2021-11-24 17:28:00,2021-11-24 19:39:00,上海,南京,144,115
G7206,20,2021-11-24 17:33:00,2021-11-24 19:33:00,上海,南京,144,115
C3872,20,2021-11-24 17:40:00,2021-11-24 21:28:00,上海,南京,144,115
D3136,20,2021-11-24 17:46:00,2021-11-24 20:19:00,上海,南京,144,115
G18,20,2021-11-24 17:55:00,2021-11-24 19:11:00,上海,南京,144,115
G7024,20,2021-11-24 18:00:00,2021-11-24 19:45:00,上海,南京,144,115
G7192,20,2021-11-24 18:04:00,2021-11-24 19:51:00,上海,南京,144,115
G298,20,2021-11-24 18:09:00,2021-11-24 19:38:00,上海,南京,144,115
G1826,20,2021-11-24 18:14:00,2021-11-24 19:47:00,上海,南京,144,115
Z196,20,2021-11-24 18:16:00,2021-11-24 21:00:00,上海,南京,144,115
G7788,20,2021-11-24 18:24:00,2021-11-24 19:55:00,上海,南京,144,115
G7792,20,2021-11-24 18:29:00,2021-11-24 20:16:00,上海,南京,144,115
G7520,20,2021-11-24 18:34:00,2021-11-24 20:34:00,上海,南京,144,115
G7260,20,2021-11-24 18:37:00,2021-11-24 21:05:00,上海,南京,144,115
G7272,20,2021-11-24 18:42:00,2021-11-24 20:39:00,上海,南京,144,115
Z172,20,2021-11-24 18:54:00,2021-11-24 22:11:00,上海,南京,144,115
G7026,20,2021-11-24 19:00:00,2021-11-24 20:49:00,上海,南京,144,115
G1510,20,2021-11-24 19:05:00,2021-11-24 20:51:00,上海,南京,144,115
G7062,20,2021-11-24 19:12:00,2021-11-24 21:16:00,上海,南京,144,115
G7226,20,2021-11-24 19:18:00,2021-11-24 21:18:00,上海,南京,144,115
G1378,20,2021-11-24 19:23:00,2021-11-24 21:03:00,上海,南京,144,115
G7432,20,2021-11-24 19:33:00,2021-11-24 21:09:00,上海,南京,144,115
G7096,20,2021-11-24 19:44:00,2021-11-24 21:58:00,上海,南京,144,115
G7300,20,2021-11-24 19:55:00,2021-11-24 21:29:00,上海,南京,144,115
G7028,20,2021-11-24 20:00:00,2021-11-24 21:46:00,上海,南京,144,115
G7286,20,2021-11-24 20:08:00,2021-11-24 22:03:00,上海,南京,144,115
K282,20,2021-11-24 20:13:00,2021-11-25 00:41:00,上海,南京,144,115
1228,20,2021-11-24 20:19:00,2021-11-25 00:23:00,上海,南京,144,115
K8352,20,2021-11-24 20:30:00,2021-11-25 01:21:00,上海,南京,144,115
G7070,20,2021-11-24 20:45:00,2021-11-24 22:45:00,上海,南京,144,115
G7098,20,2021-11-24 21:05:00,2021-11-24 22:59:00,上海,南京,144,115
D710,20,2021-11-24 21:23:00,2021-11-24 23:56:00,上海,南京,144,115
G7030,20,2021-11-24 21:31:00,2021-11-24 23:07:00,上海,南京,144,115
G7068,20,2021-11-24 21:50:00,2021-11-24 23:29:00,上海,南京,144,115
G7032,20,2021-11-25 05:46:00,2021-11-25 07:38:00,上海,南京,139,111
G1970,20,2021-11-25 11:10:00,2021-11-25 07:37:00,上海,南京,139,111
G1802,20,2021-11-25 11:15:00,2021-11-25 07:42:00,上海,南京,139,111
D636,20,2021-11-25 11:32:00,2021-11-25 08:46:00,上海,南京,139,111
G3180,20,2021-11-25 11:42:00,2021-11-25 08:04:00,上海,南京,139,111
G7002,20,2021-11-25 11:48:00,2021-11-25 08:42:00,上海,南京,139,111
D3072,20,2021-11-25 07:02:00,2021-11-25 09:12:00,上海,南京,139,111
G104,20,2021-11-25 07:13:00,2021-11-25 08:35:00,上海,南京,139,111
G106,20,2021-11-25 07:22:00,2021-11-25 08:44:00,上海,南京,139,111
G108,20,2021-11-25 07:27:00,2021-11-25 09:05:00,上海,南京,139,111
G110,20,2021-11-25 07:38:00,2021-11-25 09:12:00,上海,南京,139,111
G1232,20,2021-11-25 07:47:00,2021-11-25 09:22:00,上海,南京,139,111
C3852,20,2021-11-25 08:00:00,2021-11-25 11:50:00,上海,南京,139,111
G6,20,2021-11-25 08:00:00,2021-11-25 09:00:00,上海,南京,139,111
G112,20,2021-11-25 08:05:00,2021-11-25 09:26:00,上海,南京,139,111
G1952,20,2021-11-25 08:10:00,2021-11-25 09:34:00,上海,南京,139,111
G114,20,2021-11-25 08:15:00,2021-11-25 09:42:00,上海,南京,139,111
G576,20,2021-11-25 08:25:00,2021-11-25 10:11:00,上海,南京,139,111
G262,20,2021-11-25 08:33:00,2021-11-25 10:12:00,上海,南京,139,111
G676,20,2021-11-25 08:38:00,2021-11-25 10:23:00,上海,南京,139,111
D3022,20,2021-11-25 09:16:00,2021-11-25 11:42:00,上海,南京,139,111
C3856,20,2021-11-25 08:51:00,2021-11-25 12:48:00,上海,南京,139,111
Z376,20,2021-11-25 08:57:00,2021-11-25 12:41:00,上海,南京,139,111
G7006,20,2021-11-25 09:00:00,2021-11-25 10:41:00,上海,南京,139,111
G1236,20,2021-11-25 09:04:00,2021-11-25 10:32:00,上海,南京,139,111
D3060,20,2021-11-25 09:46:00,2021-11-25 11:56:00,上海,南京,139,111
G7492,20,2021-11-25 09:11:00,2021-11-25 11:10:00,上海,南京,139,111
G1920,20,2021-11-25 09:20:00,2021-11-25 10:41:00,上海,南京,139,111
G7372,20,2021-11-25 09:26:00,2021-11-25 11:30:00,上海,南京,139,111
G1204,20,2021-11-25 09:33:00,2021-11-25 11:04:00,上海,南京,139,111
G3164,20,2021-11-25 09:38:00,2021-11-25 11:14:00,上海,南京,139,111
D3068,20,2021-11-25 10:08:00,2021-11-25 12:25:00,上海,南京,139,111
G118,20,2021-11-25 09:43:00,2021-11-25 11:21:00,上海,南京,139,111
G10,20,2021-11-25 10:00:00,2021-11-25 10:59:00,上海,南京,139,111
G1214,20,2021-11-25 10:05:00,2021-11-25 11:33:00,上海,南京,139,111
G7180,20,2021-11-25 10:10:00,2021-11-25 11:39:00,上海,南京,139,111
C3864,20,2021-11-25 10:20:00,2021-11-25 14:17:00,上海,南京,139,111
G7236,20,2021-11-25 10:36:00,2021-11-25 12:38:00,上海,南京,139,111
G122,20,2021-11-25 10:34:00,2021-11-25 11:54:00,上海,南京,139,111
G7060,20,2021-11-25 10:41:00,2021-11-25 12:42:00,上海,南京,139,111
G7386,20,2021-11-25 10:52:00,2021-11-25 12:18:00,上海,南京,139,111
K2186,20,2021-11-25 10:56:00,2021-11-25 15:11:00,上海,南京,139,111
G12,20,2021-11-25 11:00:00,2021-11-25 12:00:00,上海,南京,139,111
G7572,20,2021-11-25 11:08:00,2021-11-25 13:11:00,上海,南京,139,111
G1252,20,2021-11-25 11:10:00,2021-11-25 12:34:00,上海,南京,139,111
K1156,20,2021-11-25 11:16:00,2021-11-25 15:12:00,上海,南京,139,111
G1228,20,2021-11-25 11:24:00,2021-11-25 12:48:00,上海,南京,139,111
G1924,20,2021-11-25 11:29:00,2021-11-25 12:46:00,上海,南京,139,111
G3152,20,2021-11-25 11:34:00,2021-11-25 13:16:00,上海,南京,139,111
G1724,20,2021-11-25 11:40:00,2021-11-25 12:56:00,上海,南京,139,111
K464,20,2021-11-25 11:47:00,2021-11-25 16:18:00,上海,南京,139,111
G14,20,2021-11-25 11:53:00,2021-11-25 13:08:00,上海,南京,139,111
G1956,20,2021-11-25 12:03:00,2021-11-25 13:36:00,上海,南京,139,111
G7768,20,2021-11-25 12:10:00,2021-11-25 13:56:00,上海,南京,139,111
1462,20,2021-11-25 12:15:00,2021-11-25 16:12:00,上海,南京,139,111
G132,20,2021-11-25 12:21:00,2021-11-25 13:48:00,上海,南京,139,111
G7296,20,2021-11-25 12:36:00,2021-11-25 14:12:00,上海,南京,139,111
G7110,20,2021-11-25 12:46:00,2021-11-25 14:21:00,上海,南京,139,111
G7088,20,2021-11-25 12:50:00,2021-11-25 14:51:00,上海,南京,139,111
G7014,20,2021-11-25 13:00:00,2021-11-25 14:40:00,上海,南京,139,111
G7164,20,2021-11-25 13:08:00,2021-11-25 15:00:00,上海,南京,139,111
G7248,20,2021-11-25 13:14:00,2021-11-25 15:10:00,上海,南京,139,111
G7148,20,2021-11-25 13:33:00,2021-11-25 15:28:00,上海,南京,139,111
C3868,20,2021-11-25 13:34:00,2021-11-25 17:34:00,上海,南京,139,111
G7772,20,2021-11-25 13:41:00,2021-11-25 15:39:00,上海,南京,139,111
G3252,20,2021-11-25 13:46:00,2021-11-25 15:40:00,上海,南京,139,111
K738,20,2021-11-25 13:52:00,2021-11-25 18:04:00,上海,南京,139,111
G1720,20,2021-11-25 13:54:00,2021-11-25 14:55:00,上海,南京,139,111
G1814,20,2021-11-25 14:05:00,2021-11-25 15:05:00,上海,南京,139,111
G142,20,2021-11-25 14:16:00,2021-11-25 15:35:00,上海,南京,139,111
K1806,20,2021-11-25 14:26:00,2021-11-25 18:24:00,上海,南京,139,111
G7050,20,2021-11-25 14:30:00,2021-11-25 16:29:00,上海,南京,139,111
G1818,20,2021-11-25 14:33:00,2021-11-25 16:04:00,上海,南京,139,111
G144,20,2021-11-25 14:43:00,2021-11-25 16:15:00,上海,南京,139,111
G7168,20,2021-11-25 14:52:00,2021-11-25 16:25:00,上海,南京,139,111
G7140,20,2021-11-25 14:54:00,2021-11-25 16:58:00,上海,南京,139,111
G7018,20,2021-11-25 15:00:00,2021-11-25 16:45:00,上海,南京,139,111
C3772,20,2021-11-25 15:09:00,2021-11-25 19:09:00,上海,南京,139,111
G266,20,2021-11-25 15:21:00,2021-11-25 16:39:00,上海,南京,139,111
G7218,20,2021-11-25 15:28:00,2021-11-25 17:13:00,上海,南京,139,111
G1822,20,2021-11-25 15:32:00,2021-11-25 16:47:00,上海,南京,139,111
G148,20,2021-11-25 15:42:00,2021-11-25 17:14:00,上海,南京,139,111
G7152,20,2021-11-25 15:43:00,2021-11-25 17:38:00,上海,南京,139,111
G1768,20,2021-11-25 15:51:00,2021-11-25 17:24:00,上海,南京,139,111
G22,20,2021-11-25 16:00:00,2021-11-25 16:59:00,上海,南京,139,111
D3142,20,2021-11-25 16:01:00,2021-11-25 18:02:00,上海,南京,139,111
G150,20,2021-11-25 16:04:00,2021-11-25 17:18:00,上海,南京,139,111
G1936,20,2021-11-25 16:09:00,2021-11-25 17:37:00,上海,南京,139,111
G7186,20,2021-11-25 16:14:00,2021-11-25 17:30:00,上海,南京,139,111
Z40,20,2021-11-25 16:17:00,2021-11-25 19:13:00,上海,南京,139,111
G7592,20,2021-11-25 16:24:00,2021-11-25 18:41:00,上海,南京,139,111
K152,20,2021-11-25 16:31:00,2021-11-25 20:33:00,上海,南京,139,111
K48,20,2021-11-25 16:34:00,2021-11-25 20:39:00,上海,南京,139,111
G268,20,2021-11-25 16:39:00,2021-11-25 18:02:00,上海,南京,139,111
G7222,20,2021-11-25 16:52:00,2021-11-25 18:51:00,上海,南京,139,111
G7022,20,2021-11-25 17:00:00,2021-11-25 18:40:00,上海,南京,139,111
G1940,20,2021-11-25 17:07:00,2021-11-25 18:21:00,上海,南京,139,111
G7118,20,2021-11-25 17:11:00,2021-11-25 19:13:00,上海,南京,139,111
G158,20,2021-11-25 17:21:00,2021-11-25 18:44:00,上海,南京,139,111
G7256,20,2021-11-25 17:33:00,2021-11-25 18:39:00,上海,南京,139,111
C3872,20,2021-11-25 17:40:00,2021-11-25 21:28:00,上海,南京,139,111
G7292,20,2021-11-25 17:43:00,2021-11-25 19:22:00,上海,南京,139,111
D3046,20,2021-11-25 17:52:00,2021-11-25 20:10:00,上海,南京,139,111
T110,20,2021-11-25 17:57:00,2021-11-25 21:58:00,上海,南京,139,111
Z92,20,2021-11-25 18:03:00,2021-11-25 20:54:00,上海,南京,139,111
G7192,20,2021-11-25 18:04:00,2021-11-25 19:46:00,上海,南京,139,111
K188,20,2021-11-25 18:09:00,2021-11-25 22:41:00,上海,南京,139,111
G7058,20,2021-11-25 18:14:00,2021-11-25 20:21:00,上海,南京,139,111
G7391,20,2021-11-25 18:17:00,2021-11-25 21:40:00,上海,南京,139,111
G7160,20,2021-11-25 18:26:00,2021-11-25 20:49:00,上海,南京,139,111
G7290,20,2021-11-25 18:33:00,2021-11-25 20:21:00,上海,南京,139,111
Z216,20,2021-11-25 18:36:00,2021-11-25 21:13:00,上海,南京,139,111
G7272,20,2021-11-25 18:43:00,2021-11-25 20:39:00,上海,南京,139,111
G7590,20,2021-11-25 18:52:00,2021-11-25 20:43:00,上海,南京,139,111
G28,20,2021-11-25 19:00:00,2021-11-25 20:00:00,上海,南京,139,111
G7310,20,2021-11-25 19:04:00,2021-11-25 20:59:00,上海,南京,139,111
G1510,20,2021-11-25 19:10:00,2021-11-25 20:51:00,上海,南京,139,111
G7432,20,2021-11-25 19:15:00,2021-11-25 21:09:00,上海,南京,139,111
G7584,20,2021-11-25 19:21:00,2021-11-25 21:22:00,上海,南京,139,111
Z282,20,2021-11-25 19:29:00,2021-11-25 22:47:00,上海,南京,139,111
G7124,20,2021-11-25 19:41:00,2021-11-25 21:34:00,上海,南京,139,111
G7176,20,2021-11-25 19:55:00,2021-11-25 20:56:00,上海,南京,139,111
G7028,20,2021-11-25 20:00:00,2021-11-25 21:46:00,上海,南京,139,111
1228,20,2021-11-25 20:08:00,2021-11-26 00:23:00,上海,南京,139,111
K282,20,2021-11-25 20:14:00,2021-11-26 00:41:00,上海,南京,139,111
G7064,20,2021-11-25 20:26:00,2021-11-25 22:19:00,上海,南京,139,111
G7314,20,2021-11-25 20:37:00,2021-11-25 22:37:00,上海,南京,139,111
Z304,20,2021-11-25 21:00:00,2021-11-25 23:44:00,上海,南京,139,111
K336,20,2021-11-25 21:11:00,2021-11-26 01:15:00,上海,南京,139,111
D710,20,2021-11-25 21:23:00,2021-11-25 23:56:00,上海,南京,139,111
G7030,20,2021-11-25 21:31:00,2021-11-25 23:07:00,上海,南京,139,111
K1092,20,2021-11-25 21:36:00,2021-11-26 02:33:00,上海,南京,139,111
G7068,20,2021-11-25 21:50:00,2021-11-25 23:29:00,上海,南京,139,111
K526,20,2021-11-26 04:17:00,2021-11-26 08:10:00,上海,南京,46,36
G1786,20,2021-11-26 11:00:00,2021-11-26 07:29:00,上海,南京,46,36
G1970,20,2021-11-26 11:10:00,2021-11-26 07:37:00,上海,南京,46,36
G1802,20,2021-11-26 11:15:00,2021-11-26 07:42:00,上海,南京,46,36
D636,20,2021-11-26 11:32:00,2021-11-26 08:46:00,上海,南京,46,36
G3180,20,2021-11-26 11:42:00,2021-11-26 08:04:00,上海,南京,46,36
G7002,20,2021-11-26 11:48:00,2021-11-26 08:42:00,上海,南京,46,36
G2,20,2021-11-26 07:00:00,2021-11-26 08:11:00,上海,南京,46,36
G222,20,2021-11-26 07:05:00,2021-11-26 08:24:00,上海,南京,46,36
G1974,20,2021-11-26 07:17:00,2021-11-26 08:39:00,上海,南京,46,36
G7395,20,2021-11-26 07:24:00,2021-11-26 10:32:00,上海,南京,46,36
G7080,20,2021-11-26 07:31:00,2021-11-26 09:41:00,上海,南京,46,36
D2212,20,2021-11-26 07:42:00,2021-11-26 10:17:00,上海,南京,46,36
C3852,20,2021-11-26 07:50:00,2021-11-26 11:50:00,上海,南京,46,36
G598,20,2021-11-26 07:55:00,2021-11-26 08:56:00,上海,南京,46,36
G7004,20,2021-11-26 08:00:00,2021-11-26 09:40:00,上海,南京,46,36
G7268,20,2021-11-26 08:05:00,2021-11-26 09:58:00,上海,南京,46,36
G7036,20,2021-11-26 08:10:00,2021-11-26 10:13:00,上海,南京,46,36
G7232,20,2021-11-26 08:15:00,2021-11-26 10:25:00,上海,南京,46,36
D952,20,2021-11-26 08:30:00,2021-11-26 10:12:00,上海,南京,46,36
G7084,20,2021-11-26 08:36:00,2021-11-26 10:37:00,上海,南京,46,36
D3022,20,2021-11-26 08:44:00,2021-11-26 11:42:00,上海,南京,46,36
G1866,20,2021-11-26 08:46:00,2021-11-26 10:25:00,上海,南京,46,36
G360,20,2021-11-26 08:55:00,2021-11-26 09:54:00,上海,南京,46,36
G8,20,2021-11-26 09:00:00,2021-11-26 09:59:00,上海,南京,46,36
K516,20,2021-11-26 09:03:00,2021-11-26 12:53:00,上海,南京,46,36
D3060,20,2021-11-26 09:05:00,2021-11-26 11:56:00,上海,南京,46,36
G1806,20,2021-11-26 09:09:00,2021-11-26 10:37:00,上海,南京,46,36
G54,20,2021-11-26 09:14:00,2021-11-26 10:45:00,上海,南京,46,36
G116,20,2021-11-26 09:26:00,2021-11-26 10:49:00,上海,南京,46,36
K360,20,2021-11-26 09:29:00,2021-11-26 13:08:00,上海,南京,46,36
G7040,20,2021-11-26 09:37:00,2021-11-26 11:45:00,上海,南京,46,36
D3068,20,2021-11-26 09:38:00,2021-11-26 12:25:00,上海,南京,46,36
G7132,20,2021-11-26 09:41:00,2021-11-26 11:35:00,上海,南京,46,36
C3860,20,2021-11-26 09:53:00,2021-11-26 13:53:00,上海,南京,46,36
G7008,20,2021-11-26 10:00:00,2021-11-26 11:40:00,上海,南京,46,36
G7042,20,2021-11-26 10:05:00,2021-11-26 12:07:00,上海,南京,46,36
K1556,20,2021-11-26 10:11:00,2021-11-26 14:24:00,上海,南京,46,36
G7236,20,2021-11-26 10:28:00,2021-11-26 12:38:00,上海,南京,46,36
G7136,20,2021-11-26 10:30:00,2021-11-26 12:32:00,上海,南京,46,36
G7764,20,2021-11-26 10:39:00,2021-11-26 12:11:00,上海,南京,46,36
G124,20,2021-11-26 10:44:00,2021-11-26 12:07:00,上海,南京,46,36
G7240,20,2021-11-26 10:54:00,2021-11-26 12:57:00,上海,南京,46,36
G7010,20,2021-11-26 11:00:00,2021-11-26 12:39:00,上海,南京,46,36
G7106,20,2021-11-26 11:03:00,2021-11-26 12:55:00,上海,南京,46,36
K234,20,2021-11-26 11:09:00,2021-11-26 15:00:00,上海,南京,46,36
G128,20,2021-11-26 11:15:00,2021-11-26 12:40:00,上海,南京,46,36
G7264,20,2021-11-26 11:20:00,2021-11-26 13:11:00,上海,南京,46,36
G7126,20,2021-11-26 11:24:00,2021-11-26 13:10:00,上海,南京,46,36
G7282,20,2021-11-26 11:33:00,2021-11-26 13:29:00,上海,南京,46,36
G7108,20,2021-11-26 11:38:00,2021-11-26 13:40:00,上海,南京,46,36
G2662,20,2021-11-26 11:45:00,2021-11-26 13:22:00,上海,南京,46,36
G1716,20,2021-11-26 11:51:00,2021-11-26 13:31:00,上海,南京,46,36
G7244,20,2021-11-26 11:58:00,2021-11-26 13:40:00,上海,南京,46,36
G7012,20,2021-11-26 12:05:00,2021-11-26 13:45:00,上海,南京,46,36
G7576,20,2021-11-26 12:12:00,2021-11-26 14:15:00,上海,南京,46,36
G130,20,2021-11-26 12:16:00,2021-11-26 13:44:00,上海,南京,46,36
G134,20,2021-11-26 12:26:00,2021-11-26 13:53:00,上海,南京,46,36
G1928,20,2021-11-26 12:36:00,2021-11-26 13:57:00,上海,南京,46,36
G7110,20,2021-11-26 12:46:00,2021-11-26 14:32:00,上海,南京,46,36
G1810,20,2021-11-26 12:52:00,2021-11-26 14:29:00,上海,南京,46,36
G7014,20,2021-11-26 13:00:00,2021-11-26 14:40:00,上海,南京,46,36
G7164,20,2021-11-26 13:08:00,2021-11-26 15:00:00,上海,南京,46,36
G7248,20,2021-11-26 13:14:00,2021-11-26 15:10:00,上海,南京,46,36
G7148,20,2021-11-26 13:33:00,2021-11-26 15:28:00,上海,南京,46,36
C3868,20,2021-11-26 13:34:00,2021-11-26 17:34:00,上海,南京,46,36
G7772,20,2021-11-26 13:41:00,2021-11-26 15:39:00,上海,南京,46,36
G3252,20,2021-11-26 13:46:00,2021-11-26 15:40:00,上海,南京,46,36
K738,20,2021-11-26 13:52:00,2021-11-26 18:04:00,上海,南京,46,36
G1720,20,2021-11-26 13:54:00,2021-11-26 14:55:00,上海,南京,46,36
G7016,20,2021-11-26 14:00:00,2021-11-26 15:41:00,上海,南京,46,36
T132,20,2021-11-26 14:13:00,2021-11-26 17:37:00,上海,南京,46,36
G7276,20,2021-11-26 14:20:00,2021-11-26 15:33:00,上海,南京,46,36
G1960,20,2021-11-26 14:28:00,2021-11-26 15:48:00,上海,南京,46,36
G7050,20,2021-11-26 14:38:00,2021-11-26 16:29:00,上海,南京,46,36
D3010,20,2021-11-26 14:41:00,2021-11-26 16:43:00,上海,南京,46,36
K560,20,2021-11-26 14:48:00,2021-11-26 19:02:00,上海,南京,46,36
Z268,20,2021-11-26 14:54:00,2021-11-26 17:46:00,上海,南京,46,36
G20,20,2021-11-26 15:00:00,2021-11-26 15:59:00,上海,南京,46,36
G264,20,2021-11-26 15:07:00,2021-11-26 16:28:00,上海,南京,46,36
G1776,20,2021-11-26 15:14:00,2021-11-26 16:45:00,上海,南京,46,36
G146,20,2021-11-26 15:21:00,2021-11-26 16:34:00,上海,南京,46,36
T116,20,2021-11-26 15:31:00,2021-11-26 18:47:00,上海,南京,46,36
G1736,20,2021-11-26 15:36:00,2021-11-26 17:07:00,上海,南京,46,36
G7252,20,2021-11-26 15:42:00,2021-11-26 16:57:00,上海,南京,46,36
G7052,20,2021-11-26 15:47:00,2021-11-26 17:35:00,上海,南京,46,36
Z252,20,2021-11-26 15:52:00,2021-11-26 18:53:00,上海,南京,46,36
G7020,20,2021-11-26 16:00:00,2021-11-26 17:40:00,上海,南京,46,36
K372,20,2021-11-26 16:03:00,2021-11-26 19:48:00,上海,南京,46,36
D3014,20,2021-11-26 16:11:00,2021-11-26 18:19:00,上海,南京,46,36
G7054,20,2021-11-26 16:13:00,2021-11-26 18:16:00,上海,南京,46,36
K1512,20,2021-11-26 16:17:00,2021-11-26 20:23:00,上海,南京,46,36
G152,20,2021-11-26 16:19:00,2021-11-26 17:33:00,上海,南京,46,36
G2812,20,2021-11-26 16:26:00,2021-11-26 17:50:00,上海,南京,46,36
G234,20,2021-11-26 16:32:00,2021-11-26 17:45:00,上海,南京,46,36
G7376,20,2021-11-26 16:36:00,2021-11-26 18:32:00,上海,南京,46,36
G7196,20,2021-11-26 16:44:00,2021-11-26 18:16:00,上海,南京,46,36
G7222,20,2021-11-26 16:52:00,2021-11-26 18:51:00,上海,南京,46,36
G24,20,2021-11-26 17:00:00,2021-11-26 18:07:00,上海,南京,46,36
G7144,20,2021-11-26 17:05:00,2021-11-26 19:15:00,上海,南京,46,36
G154,20,2021-11-26 17:11:00,2021-11-26 18:25:00,上海,南京,46,36
G156,20,2021-11-26 17:16:00,2021-11-26 18:29:00,上海,南京,46,36
G7056,20,2021-11-26 17:28:00,2021-11-26 19:39:00,上海,南京,46,36
G7206,20,2021-11-26 17:33:00,2021-11-26 19:33:00,上海,南京,46,36
G160,20,2021-11-26 17:41:00,2021-11-26 18:55:00,上海,南京,46,36
D3136,20,2021-11-26 17:46:00,2021-11-26 20:19:00,上海,南京,46,36
G26,20,2021-11-26 17:55:00,2021-11-26 19:11:00,上海,南京,46,36
G7024,20,2021-11-26 18:00:00,2021-11-26 19:45:00,上海,南京,46,36
G7120,20,2021-11-26 18:03:00,2021-11-26 19:58:00,上海,南京,46,36
G298,20,2021-11-26 18:09:00,2021-11-26 19:31:00,上海,南京,46,36
G1826,20,2021-11-26 18:14:00,2021-11-26 19:36:00,上海,南京,46,36
Z196,20,2021-11-26 18:16:00,2021-11-26 21:00:00,上海,南京,46,36
G7788,20,2021-11-26 18:24:00,2021-11-26 19:53:00,上海,南京,46,36
G7792,20,2021-11-26 18:29:00,2021-11-26 20:07:00,上海,南京,46,36
G7520,20,2021-11-26 18:34:00,2021-11-26 20:34:00,上海,南京,46,36
G7260,20,2021-11-26 18:38:00,2021-11-26 21:05:00,上海,南京,46,36
G1764,20,2021-11-26 18:43:00,2021-11-26 20:28:00,上海,南京,46,36
Z172,20,2021-11-26 18:54:00,2021-11-26 22:11:00,上海,南京,46,36
G7026,20,2021-11-26 19:00:00,2021-11-26 20:49:00,上海,南京,46,36
G368,20,2021-11-26 19:05:00,2021-11-26 20:12:00,上海,南京,46,36
G1510,20,2021-11-26 19:10:00,2021-11-26 20:51:00,上海,南京,46,36
G7432,20,2021-11-26 19:15:00,2021-11-26 21:09:00,上海,南京,46,36
G7584,20,2021-11-26 19:21:00,2021-11-26 21:22:00,上海,南京,46,36
G7596,20,2021-11-26 19:28:00,2021-11-26 21:18:00,上海,南京,46,36
G7190,20,2021-11-26 19:38:00,2021-11-26 21:25:00,上海,南京,46,36
G7570,20,2021-11-26 19:43:00,2021-11-26 21:49:00,上海,南京,46,36
G7300,20,2021-11-26 19:55:00,2021-11-26 21:35:00,上海,南京,46,36
Z164,20,2021-11-26 20:02:00,2021-11-26 22:54:00,上海,南京,46,36
G7156,20,2021-11-26 20:08:00,2021-11-26 22:03:00,上海,南京,46,36
G7066,20,2021-11-26 20:15:00,2021-11-26 22:08:00,上海,南京,46,36
K8352,20,2021-11-26 20:30:00,2021-11-27 01:21:00,上海,南京,46,36
G7070,20,2021-11-26 20:46:00,2021-11-26 22:48:00,上海,南京,46,36
G7098,20,2021-11-26 21:05:00,2021-11-26 22:59:00,上海,南京,46,36
D706,20,2021-11-26 21:14:00,2021-11-26 23:50:00,上海,南京,46,36
D2282,20,2021-11-26 21:25:00,2021-11-26 23:21:00,上海,南京,46,36
K1092,20,2021-11-26 21:36:00,2021-11-27 02:33:00,上海,南京,46,36
G102,20,2021-11-24 11:26:00,2021-11-24 12:29:00,上海,北京,498,398
G6,20,2021-11-24 07:00:00,2021-11-24 11:36:00,上海,北京,498,398
G108,20,2021-11-24 07:22:00,2021-11-24 13:22:00,上海,北京,498,398
G120,20,2021-11-24 07:45:00,2021-11-24 13:33:00,上海,北京,498,398
G112,20,2021-11-24 08:05:00,2021-11-24 14:08:00,上海,北京,498,398
G2,20,2021-11-24 09:00:00,2021-11-24 13:28:00,上海,北京,498,398
G126,20,2021-11-24 09:52:00,2021-11-24 15:58:00,上海,北京,498,398
G122,20,2021-11-24 10:40:00,2021-11-24 16:43:00,上海,北京,498,398
G130,20,2021-11-24 11:15:00,2021-11-24 17:44:00,上海,北京,498,398
1462,20,2021-11-24 12:15:00,2021-11-25 10:50:00,上海,北京,498,398
G412,20,2021-11-24 12:28:00,2021-11-24 18:58:00,上海,北京,498,398
G138,20,2021-11-24 13:29:00,2021-11-24 19:26:00,上海,北京,498,398
G4,20,2021-11-24 14:00:00,2021-11-24 18:28:00,上海,北京,498,398
G146,20,2021-11-24 14:50:00,2021-11-24 20:48:00,上海,北京,498,398
G148,20,2021-11-24 15:22:00,2021-11-24 21:13:00,上海,北京,498,398
G150,20,2021-11-24 16:07:00,2021-11-24 22:00:00,上海,北京,498,398
G16,20,2021-11-24 17:00:00,2021-11-24 21:36:00,上海,北京,498,398
G102,20,2021-11-25 11:37:00,2021-11-25 12:39:00,上海,北京,553,442
G106,20,2021-11-25 07:22:00,2021-11-25 13:22:00,上海,北京,553,442
G110,20,2021-11-25 07:38:00,2021-11-25 13:32:00,上海,北京,553,442
G112,20,2021-11-25 08:05:00,2021-11-25 14:07:00,上海,北京,553,442
G8,20,2021-11-25 09:00:00,2021-11-25 13:27:00,上海,北京,553,442
G118,20,2021-11-25 09:43:00,2021-11-25 15:47:00,上海,北京,553,442
G122,20,2021-11-25 10:34:00,2021-11-25 16:29:00,上海,北京,553,442
G12,20,2021-11-25 11:00:00,2021-11-25 15:31:00,上海,北京,553,442
G14,20,2021-11-25 11:53:00,2021-11-25 16:38:00,上海,北京,553,442
G130,20,2021-11-25 12:16:00,2021-11-25 18:22:00,上海,北京,553,442
G134,20,2021-11-25 12:26:00,2021-11-25 18:44:00,上海,北京,553,442
G140,20,2021-11-25 13:34:00,2021-11-25 19:42:00,上海,北京,553,442
G142,20,2021-11-25 14:16:00,2021-11-25 20:10:00,上海,北京,553,442
G20,20,2021-11-25 15:00:00,2021-11-25 19:36:00,上海,北京,553,442
G148,20,2021-11-25 15:42:00,2021-11-25 21:43:00,上海,北京,553,442
G150,20,2021-11-25 16:04:00,2021-11-25 21:56:00,上海,北京,553,442
G154,20,2021-11-25 17:11:00,2021-11-25 22:49:00,上海,北京,553,442
G102,20,2021-11-26 11:37:00,2021-11-26 12:39:00,上海,北京,553,442
G104,20,2021-11-26 07:13:00,2021-11-26 13:12:00,上海,北京,553,442
G108,20,2021-11-26 07:27:00,2021-11-26 13:36:00,上海,北京,553,442
G6,20,2021-11-26 08:00:00,2021-11-26 12:24:00,上海,北京,553,442
G114,20,2021-11-26 08:15:00,2021-11-26 14:12:00,上海,北京,553,442
G116,20,2021-11-26 09:26:00,2021-11-26 15:22:00,上海,北京,553,442
G10,20,2021-11-26 10:00:00,2021-11-26 14:26:00,上海,北京,553,442
G124,20,2021-11-26 10:44:00,2021-11-26 16:43:00,上海,北京,553,442
G128,20,2021-11-26 11:15:00,2021-11-26 17:31:00,上海,北京,553,442
1462,20,2021-11-26 12:15:00,2021-11-27 10:50:00,上海,北京,553,442
G132,20,2021-11-26 12:21:00,2021-11-26 18:31:00,上海,北京,553,442
G16,20,2021-11-26 12:55:00,2021-11-26 17:36:00,上海,北京,553,442
G140,20,2021-11-26 13:34:00,2021-11-26 19:42:00,上海,北京,553,442
G142,20,2021-11-26 14:16:00,2021-11-26 20:10:00,上海,北京,553,442
G20,20,2021-11-26 15:00:00,2021-11-26 19:36:00,上海,北京,553,442
G148,20,2021-11-26 15:42:00,2021-11-26 21:43:00,上海,北京,553,442
G150,20,2021-11-26 16:04:00,2021-11-26 21:56:00,上海,北京,553,442
G24,20,2021-11-26 17:00:00,2021-11-26 21:33:00,上海,北京,553,442
G156,20,2021-11-26 17:16:00,2021-11-26 23:08:00,上海,北京,553,442
G105,20,2021-11-24 07:20:00,2021-11-24 13:08:00,北京,上海,524,419
G107,20,2021-11-24 08:05:00,2021-11-24 13:46:00,北京,上海,524,419
G113,20,2021-11-24 08:50:00,2021-11-24 14:33:00,北京,上海,524,419
G41,20,2021-11-24 09:12:00,2021-11-24 14:49:00,北京,上海,524,419
G117,20,2021-11-24 09:25:00,2021-11-24 15:38:00,北京,上海,524,419
G119,20,2021-11-24 10:05:00,2021-11-24 15:51:00,北京,上海,524,419
G123,20,2021-11-24 11:05:00,2021-11-24 16:50:00,北京,上海,524,419
G411,20,2021-11-24 11:20:00,2021-11-24 17:25:00,北京,上海,524,419
G9,20,2021-11-24 12:00:00,2021-11-24 16:36:00,北京,上海,524,419
G131,20,2021-11-24 12:20:00,2021-11-24 18:16:00,北京,上海,524,419
G135,20,2021-11-24 13:05:00,2021-11-24 18:59:00,北京,上海,524,419
G139,20,2021-11-24 13:45:00,2021-11-24 20:05:00,北京,上海,524,419
G141,20,2021-11-24 14:10:00,2021-11-24 20:10:00,北京,上海,524,419
G11,20,2021-11-24 15:00:00,2021-11-24 19:33:00,北京,上海,524,419
G147,20,2021-11-24 15:50:00,2021-11-24 22:00:00,北京,上海,524,419
G103,20,2021-11-25 11:20:00,2021-11-25 11:58:00,北京,上海,553,442
G105,20,2021-11-25 07:17:00,2021-11-25 13:03:00,北京,上海,553,442
G109,20,2021-11-25 07:45:00,2021-11-25 13:48:00,北京,上海,553,442
G113,20,2021-11-25 08:39:00,2021-11-25 14:56:00,北京,上海,553,442
G115,20,2021-11-25 09:10:00,2021-11-25 14:48:00,北京,上海,553,442
G119,20,2021-11-25 09:24:00,2021-11-25 15:32:00,北京,上海,553,442
G121,20,2021-11-25 10:05:00,2021-11-25 15:42:00,北京,上海,553,442
G125,20,2021-11-25 10:46:00,2021-11-25 16:50:00,北京,上海,553,442
G127,20,2021-11-25 11:05:00,2021-11-25 17:12:00,北京,上海,553,442
G133,20,2021-11-25 11:49:00,2021-11-25 18:07:00,北京,上海,553,442
G135,20,2021-11-25 12:12:00,2021-11-25 18:21:00,北京,上海,553,442
G139,20,2021-11-25 13:04:00,2021-11-25 19:11:00,北京,上海,553,442
G15,20,2021-11-25 14:00:00,2021-11-25 18:33:00,北京,上海,553,442
G145,20,2021-11-25 14:14:00,2021-11-25 20:12:00,北京,上海,553,442
G17,20,2021-11-25 15:00:00,2021-11-25 19:34:00,北京,上海,553,442
G151,20,2021-11-25 15:49:00,2021-11-25 22:12:00,北京,上海,553,442
G153,20,2021-11-25 16:30:00,2021-11-25 22:27:00,北京,上海,553,442
G103,20,2021-11-26 11:20:00,2021-11-26 11:58:00,北京,上海,553,442
G105,20,2021-11-26 07:17:00,2021-11-26 13:03:00,北京,上海,553,442
G109,20,2021-11-26 07:45:00,2021-11-26 13:48:00,北京,上海,553,442
G111,20,2021-11-26 08:14:00,2021-11-26 14:11:00,北京,上海,553,442
G5,20,2021-11-26 09:00:00,2021-11-26 13:37:00,北京,上海,553,442
G117,20,2021-11-26 09:20:00,2021-11-26 15:02:00,北京,上海,553,442
G7,20,2021-11-26 10:00:00,2021-11-26 14:35:00,北京,上海,553,442
G123,20,2021-11-26 10:20:00,2021-11-26 16:26:00,北京,上海,553,442
G9,20,2021-11-26 11:00:00,2021-11-26 15:37:00,北京,上海,553,442
G129,20,2021-11-26 11:18:00,2021-11-26 17:27:00,北京,上海,553,442
1461,20,2021-11-26 11:55:00,2021-11-27 11:57:00,北京,上海,553,442
G135,20,2021-11-26 12:12:00,2021-11-26 18:21:00,北京,上海,553,442
G13,20,2021-11-26 13:00:00,2021-11-26 17:35:00,北京,上海,553,442
G141,20,2021-11-26 13:34:00,2021-11-26 19:24:00,北京,上海,553,442
G143,20,2021-11-26 14:08:00,2021-11-26 20:07:00,北京,上海,553,442
G147,20,2021-11-26 14:27:00,2021-11-26 20:43:00,北京,上海,553,442
G149,20,2021-11-26 15:08:00,2021-11-26 21:10:00,北京,上海,553,442
G19,20,2021-11-26 16:00:00,2021-11-26 20:28:00,北京,上海,553,442
G157,20,2021-11-26 16:53:00,2021-11-26 23:13:00,北京,上海,553,442
G159,20,2021-11-26 17:19:00,2021-11-26 23:18:00,北京,上海,553,442
G23,20,2021-11-26 18:00:00,2021-11-26 22:43:00,北京,上海,553,442
G27,20,2021-11-26 19:00:00,2021-11-26 23:29:00,北京,上海,553,442
G1778,20,2021-11-24 07:26:00,2021-11-24 12:34:00,长沙,南京,367,293
G1774,20,2021-11-24 13:32:00,2021-11-24 17:53:00,长沙,南京,367,293
G1380,20,2021-11-24 13:53:00,2021-11-24 20:19:00,长沙,南京,367,293
G2336,20,2021-11-24 14:20:00,2021-11-24 20:53:00,长沙,南京,367,293
G1778,20,2021-11-25 07:26:00,2021-11-25 12:34:00,长沙,南京,367,293
G1774,20,2021-11-25 13:32:00,2021-11-25 17:51:00,长沙,南京,367,293
G1380,20,2021-11-25 13:53:00,2021-11-25 20:19:00,长沙,南京,367,293
G2336,20,2021-11-25 14:20:00,2021-11-25 20:53:00,长沙,南京,367,293
G1778,20,2021-11-26 07:26:00,2021-11-26 12:34:00,长沙,南京,367,293
G1774,20,2021-11-26 13:32:00,2021-11-26 17:51:00,长沙,南京,367,293
G1380,20,2021-11-26 13:53:00,2021-11-26 20:19:00,长沙,南京,367,293
G2336,20,2021-11-26 14:20:00,2021-11-26 20:53:00,长沙,南京,367,293
G1113,20,2021-11-24 07:25:00,2021-11-24 11:58:00,南京,长沙,367,293
G1377,20,2021-11-24 07:39:00,2021-11-24 15:00:00,南京,长沙,367,293
G1773,20,2021-11-24 08:31:00,2021-11-24 12:50:00,南京,长沙,367,293
G1539,20,2021-11-24 09:08:00,2021-11-24 13:27:00,南京,长沙,367,293
G577,20,2021-11-24 10:02:00,2021-11-24 15:27:00,南京,长沙,367,293
G2335,20,2021-11-24 12:05:00,2021-11-24 18:03:00,南京,长沙,367,293
G1113,20,2021-11-25 07:25:00,2021-11-25 11:59:00,南京,长沙,367,293
G1377,20,2021-11-25 07:39:00,2021-11-25 15:00:00,南京,长沙,367,293
G1773,20,2021-11-25 08:30:00,2021-11-25 12:50:00,南京,长沙,367,293
G1539,20,2021-11-25 09:08:00,2021-11-25 13:27:00,南京,长沙,367,293
G577,20,2021-11-25 10:08:00,2021-11-25 15:27:00,南京,长沙,367,293
G2335,20,2021-11-25 11:51:00,2021-11-25 18:03:00,南京,长沙,367,293
G1113,20,2021-11-26 07:25:00,2021-11-26 11:59:00,南京,长沙,367,293
G1377,20,2021-11-26 07:39:00,2021-11-26 15:00:00,南京,长沙,367,293
G1773,20,2021-11-26 08:30:00,2021-11-26 12:50:00,南京,长沙,367,293
G1539,20,2021-11-26 09:08:00,2021-11-26 13:27:00,南京,长沙,367,293
G577,20,2021-11-26 10:08:00,2021-11-26 15:27:00,南京,长沙,367,293
G2335,20,2021-11-26 11:51:00,2021-11-26 18:03:00,南京,长沙,367,293
G1321,20,2021-11-24 11:10:00,2021-11-24 11:56:00,上海,长沙,478,382
G2365,20,2021-11-24 07:10:00,2021-11-24 13:11:00,上海,长沙,478,382
G2502,20,2021-11-24 07:27:00,2021-11-24 13:11:00,上海,长沙,478,382
G1337,20,2021-11-24 08:22:00,2021-11-24 14:11:00,上海,长沙,478,382
G1373,20,2021-11-24 08:53:00,2021-11-24 13:49:00,上海,长沙,478,382
G1347,20,2021-11-24 09:51:00,2021-11-24 15:17:00,上海,长沙,478,382
G1301,20,2021-11-24 10:18:00,2021-11-24 16:11:00,上海,长沙,478,382
G1375,20,2021-11-24 11:13:00,2021-11-24 17:13:00,上海,长沙,478,382
G1369,20,2021-11-24 12:40:00,2021-11-24 18:14:00,上海,长沙,478,382
G1355,20,2021-11-24 13:47:00,2021-11-24 19:21:00,上海,长沙,478,382
G1357,20,2021-11-24 15:08:00,2021-11-24 19:33:00,上海,长沙,478,382
G1305,20,2021-11-24 15:25:00,2021-11-24 20:34:00,上海,长沙,478,382
G1361,20,2021-11-24 16:37:00,2021-11-24 22:11:00,上海,长沙,478,382
G1363,20,2021-11-24 17:09:00,2021-11-24 22:40:00,上海,长沙,478,382
Z247,20,2021-11-24 20:42:00,2021-11-25 07:00:00,上海,长沙,478,382
G1321,20,2021-11-25 11:10:00,2021-11-25 11:56:00,上海,长沙,478,382
G2365,20,2021-11-25 07:10:00,2021-11-25 13:11:00,上海,长沙,478,382
G2502,20,2021-11-25 07:27:00,2021-11-25 13:11:00,上海,长沙,478,382
G1337,20,2021-11-25 08:22:00,2021-11-25 14:11:00,上海,长沙,478,382
G1373,20,2021-11-25 08:53:00,2021-11-25 13:49:00,上海,长沙,478,382
G1347,20,2021-11-25 09:51:00,2021-11-25 15:17:00,上海,长沙,478,382
G1301,20,2021-11-25 10:18:00,2021-11-25 16:11:00,上海,长沙,478,382
G1375,20,2021-11-25 11:12:00,2021-11-25 17:13:00,上海,长沙,478,382
G1369,20,2021-11-25 12:40:00,2021-11-25 18:14:00,上海,长沙,478,382
G1329,20,2021-11-25 13:40:00,2021-11-25 19:14:00,上海,长沙,478,382
K71,20,2021-11-25 14:34:00,2021-11-26 04:38:00,上海,长沙,478,382
G1776,20,2021-11-25 15:14:00,2021-11-25 21:24:00,上海,长沙,478,382
G1359,20,2021-11-25 15:37:00,2021-11-25 20:57:00,上海,长沙,478,382
K1373,20,2021-11-25 16:55:00,2021-11-26 11:41:00,上海,长沙,478,382
G1365,20,2021-11-25 17:38:00,2021-11-25 23:00:00,上海,长沙,478,382
G1321,20,2021-11-26 11:10:00,2021-11-26 11:56:00,上海,长沙,478,382
G2365,20,2021-11-26 07:10:00,2021-11-26 13:11:00,上海,长沙,478,382
G2502,20,2021-11-26 07:27:00,2021-11-26 13:11:00,上海,长沙,478,382
G1337,20,2021-11-26 08:22:00,2021-11-26 14:11:00,上海,长沙,478,382
G1373,20,2021-11-26 08:53:00,2021-11-26 13:49:00,上海,长沙,478,382
G1347,20,2021-11-26 09:51:00,2021-11-26 15:17:00,上海,长沙,478,382
G1301,20,2021-11-26 10:18:00,2021-11-26 16:11:00,上海,长沙,478,382
G1375,20,2021-11-26 11:12:00,2021-11-26 17:13:00,上海,长沙,478,382
G1369,20,2021-11-26 12:40:00,2021-11-26 18:14:00,上海,长沙,478,382
G1329,20,2021-11-26 13:40:00,2021-11-26 19:14:00,上海,长沙,478,382
K71,20,2021-11-26 14:34:00,2021-11-27 04:38:00,上海,长沙,478,382
G1776,20,2021-11-26 15:14:00,2021-11-26 21:24:00,上海,长沙,478,382
G1359,20,2021-11-26 15:37:00,2021-11-26 20:57:00,上海,长沙,478,382
K1373,20,2021-11-26 16:55:00,2021-11-27 11:41:00,上海,长沙,478,382
G1365,20,2021-11-26 17:38:00,2021-11-26 23:00:00,上海,长沙,478,382
G1342,20,2021-11-24 11:58:00,2021-11-24 12:13:00,长沙,上海,478,382
G1346,20,2021-11-24 08:02:00,2021-11-24 13:17:00,长沙,上海,478,382
G1350,20,2021-11-24 09:29:00,2021-11-24 14:54:00,长沙,上海,478,382
G1352,20,2021-11-24 10:32:00,2021-11-24 16:11:00,长沙,上海,478,382
G1354,20,2021-11-24 11:42:00,2021-11-24 17:02:00,长沙,上海,478,382
G1362,20,2021-11-24 13:27:00,2021-11-24 19:03:00,长沙,上海,478,382
G2194,20,2021-11-24 13:37:00,2021-11-24 19:15:00,长沙,上海,478,382
G1372,20,2021-11-24 14:35:00,2021-11-24 19:44:00,长沙,上海,478,382
G1334,20,2021-11-24 15:09:00,2021-11-24 20:55:00,长沙,上海,478,382
G1328,20,2021-11-24 15:43:00,2021-11-24 21:39:00,长沙,上海,478,382
G1374,20,2021-11-24 16:36:00,2021-11-24 21:53:00,长沙,上海,478,382
G1376,20,2021-11-24 17:02:00,2021-11-24 22:59:00,长沙,上海,478,382
G1338,20,2021-11-24 17:35:00,2021-11-24 23:03:00,长沙,上海,478,382
Z245,20,2021-11-24 20:05:00,2021-11-25 11:44:00,长沙,上海,478,382
G1342,20,2021-11-25 11:58:00,2021-11-25 12:13:00,长沙,上海,478,382
G1344,20,2021-11-25 07:32:00,2021-11-25 12:51:00,长沙,上海,478,382
G1348,20,2021-11-25 09:19:00,2021-11-25 13:42:00,长沙,上海,478,382
G86,20,2021-11-25 10:26:00,2021-11-25 14:48:00,长沙,上海,478,382
G1370,20,2021-11-25 11:02:00,2021-11-25 16:36:00,长沙,上海,478,382
G1322,20,2021-11-25 12:51:00,2021-11-25 18:22:00,长沙,上海,478,382
G1774,20,2021-11-25 13:32:00,2021-11-25 19:48:00,长沙,上海,478,382
G1378,20,2021-11-25 13:48:00,2021-11-25 19:20:00,长沙,上海,478,382
G578,20,2021-11-25 14:57:00,2021-11-25 21:00:00,长沙,上海,478,382
G1502,20,2021-11-25 15:27:00,2021-11-25 21:13:00,长沙,上海,478,382
G1302,20,2021-11-25 16:26:00,2021-11-25 21:50:00,长沙,上海,478,382
G2190,20,2021-11-25 16:53:00,2021-11-25 22:19:00,长沙,上海,478,382
G2366,20,2021-11-25 17:12:00,2021-11-25 22:52:00,长沙,上海,478,382
G1306,20,2021-11-25 18:15:00,2021-11-25 23:07:00,长沙,上海,478,382
G1342,20,2021-11-26 11:58:00,2021-11-26 12:13:00,长沙,上海,478,382
G1344,20,2021-11-26 07:32:00,2021-11-26 12:51:00,长沙,上海,478,382
G1348,20,2021-11-26 09:19:00,2021-11-26 13:42:00,长沙,上海,478,382
G86,20,2021-11-26 10:26:00,2021-11-26 14:48:00,长沙,上海,478,382
G1370,20,2021-11-26 11:02:00,2021-11-26 16:36:00,长沙,上海,478,382
G1362,20,2021-11-26 13:27:00,2021-11-26 19:03:00,长沙,上海,478,382
G2194,20,2021-11-26 13:37:00,2021-11-26 19:28:00,长沙,上海,478,382
G1372,20,2021-11-26 14:35:00,2021-11-26 19:44:00,长沙,上海,478,382
G1502,20,2021-11-26 15:27:00,2021-11-26 21:13:00,长沙,上海,478,382
G1302,20,2021-11-26 16:26:00,2021-11-26 21:50:00,长沙,上海,478,382
G2190,20,2021-11-26 16:53:00,2021-11-26 22:19:00,长沙,上海,478,382
G2366,20,2021-11-26 17:12:00,2021-11-26 22:52:00,长沙,上海,478,382
G1306,20,2021-11-26 18:15:00,2021-11-26 23:07:00,长沙,上海,478,382
K1375,20,2021-11-26 23:59:00,2021-11-27 15:12:00,长沙,上海,478,382
T290,20,2021-11-24 01:53:00,2021-11-24 18:10:00,长沙,北京,502,401
Z286,20,2021-11-24 02:47:00,2021-11-24 17:03:00,长沙,北京,502,401
G534,20,2021-11-24 07:10:00,2021-11-24 14:19:00,长沙,北京,502,401
G502,20,2021-11-24 07:36:00,2021-11-24 14:24:00,长沙,北京,502,401
G80,20,2021-11-24 11:20:00,2021-11-24 17:01:00,长沙,北京,502,401
G82,20,2021-11-24 11:38:00,2021-11-24 17:21:00,长沙,北京,502,401
G404,20,2021-11-24 13:02:00,2021-11-24 18:46:00,长沙,北京,502,401
G486,20,2021-11-24 14:27:00,2021-11-24 21:26:00,长沙,北京,502,401
G506,20,2021-11-24 15:11:00,2021-11-24 22:04:00,长沙,北京,502,401
G530,20,2021-11-24 16:57:00,2021-11-24 22:47:00,长沙,北京,502,401
T146,20,2021-11-24 17:26:00,2021-11-25 11:18:00,长沙,北京,502,401
Z208,20,2021-11-24 18:26:00,2021-11-25 09:12:00,长沙,北京,502,401
T290,20,2021-11-25 01:53:00,2021-11-25 18:10:00,长沙,北京,502,401
Z286,20,2021-11-25 02:47:00,2021-11-25 17:03:00,长沙,北京,502,401
G534,20,2021-11-25 07:10:00,2021-11-25 14:19:00,长沙,北京,502,401
G502,20,2021-11-25 07:36:00,2021-11-25 14:24:00,长沙,北京,502,401
K158,20,2021-11-25 11:20:00,2021-11-26 11:17:00,长沙,北京,502,401
G66,20,2021-11-25 12:20:00,2021-11-25 18:00:00,长沙,北京,502,401
G422,20,2021-11-25 14:22:00,2021-11-25 20:53:00,长沙,北京,502,401
G402,20,2021-11-25 14:46:00,2021-11-25 21:59:00,长沙,北京,502,401
Z162,20,2021-11-25 16:28:00,2021-11-26 11:52:00,长沙,北京,502,401
G406,20,2021-11-25 17:03:00,2021-11-25 23:18:00,长沙,北京,502,401
Z2,20,2021-11-25 17:34:00,2021-11-26 08:16:00,长沙,北京,502,401
Z6,20,2021-11-25 19:39:00,2021-11-26 09:51:00,长沙,北京,502,401
D940,20,2021-11-25 22:53:00,2021-11-26 11:30:00,长沙,北京,502,401
T290,20,2021-11-26 01:56:00,2021-11-26 18:10:00,长沙,北京,502,401
Z286,20,2021-11-26 02:47:00,2021-11-26 17:03:00,长沙,北京,502,401
G534,20,2021-11-26 07:10:00,2021-11-26 14:19:00,长沙,北京,502,401
G502,20,2021-11-26 07:36:00,2021-11-26 14:24:00,长沙,北京,502,401
K158,20,2021-11-26 11:20:00,2021-11-27 11:17:00,长沙,北京,502,401
G404,20,2021-11-26 13:02:00,2021-11-26 18:46:00,长沙,北京,502,401
G486,20,2021-11-26 14:27:00,2021-11-26 21:26:00,长沙,北京,502,401
G506,20,2021-11-26 15:07:00,2021-11-26 22:04:00,长沙,北京,502,401
Z162,20,2021-11-26 16:28:00,2021-11-27 11:52:00,长沙,北京,502,401
G406,20,2021-11-26 17:03:00,2021-11-26 23:18:00,长沙,北京,502,401
Z2,20,2021-11-26 17:34:00,2021-11-27 08:16:00,长沙,北京,502,401
Z6,20,2021-11-26 19:39:00,2021-11-27 09:51:00,长沙,北京,502,401
D940,20,2021-11-26 22:53:00,2021-11-27 11:30:00,长沙,北京,502,401
K599,20,2021-11-24 05:14:00,2021-11-25 02:16:00,北京,长沙,504,403
G403,20,2021-11-24 08:00:00,2021-11-24 13:38:00,北京,长沙,504,403
G529,20,2021-11-24 08:34:00,2021-11-24 14:21:00,北京,长沙,504,403
G83,20,2021-11-24 08:55:00,2021-11-24 14:38:00,北京,长沙,504,403
G421,20,2021-11-24 09:05:00,2021-11-24 16:09:00,北京,长沙,504,403
G405,20,2021-11-24 10:05:00,2021-11-24 16:36:00,北京,长沙,504,403
Z161,20,2021-11-24 11:55:00,2021-11-25 02:39:00,北京,长沙,504,403
G533,20,2021-11-24 13:02:00,2021-11-24 18:41:00,北京,长沙,504,403
G503,20,2021-11-24 14:41:00,2021-11-24 21:14:00,北京,长沙,504,403
Z5,20,2021-11-24 16:09:00,2021-11-25 11:18:00,北京,长沙,504,403
Z1,20,2021-11-24 18:00:00,2021-11-25 08:10:00,北京,长沙,504,403
Z207,20,2021-11-24 20:55:00,2021-11-25 11:36:00,北京,长沙,504,403
K599,20,2021-11-25 05:14:00,2021-11-26 02:16:00,北京,长沙,504,403
G403,20,2021-11-25 08:00:00,2021-11-25 13:38:00,北京,长沙,504,403
Z149,20,2021-11-25 08:36:00,2021-11-25 22:51:00,北京,长沙,504,403
G81,20,2021-11-25 09:00:00,2021-11-25 14:44:00,北京,长沙,504,403
G405,20,2021-11-25 10:05:00,2021-11-25 16:36:00,北京,长沙,504,403
Z161,20,2021-11-25 11:55:00,2021-11-26 02:39:00,北京,长沙,504,403
G533,20,2021-11-25 13:02:00,2021-11-25 18:41:00,北京,长沙,504,403
G503,20,2021-11-25 14:41:00,2021-11-25 21:14:00,北京,长沙,504,403
Z5,20,2021-11-25 16:09:00,2021-11-26 11:18:00,北京,长沙,504,403
Z1,20,2021-11-25 18:00:00,2021-11-26 08:10:00,北京,长沙,504,403
Z207,20,2021-11-25 20:55:00,2021-11-26 11:36:00,北京,长沙,504,403
T289,20,2021-11-25 22:00:00,2021-11-26 14:14:00,北京,长沙,504,403
K599,20,2021-11-26 05:14:00,2021-11-27 02:16:00,北京,长沙,504,403
G403,20,2021-11-26 08:00:00,2021-11-26 13:38:00,北京,长沙,504,403
Z149,20,2021-11-26 08:36:00,2021-11-26 22:51:00,北京,长沙,504,403
G81,20,2021-11-26 09:00:00,2021-11-26 14:44:00,北京,长沙,504,403
G405,20,2021-11-26 10:05:00,2021-11-26 16:36:00,北京,长沙,504,403
Z161,20,2021-11-26 11:55:00,2021-11-27 02:39:00,北京,长沙,504,403
G533,20,2021-11-26 13:02:00,2021-11-26 18:41:00,北京,长沙,504,403
G503,20,2021-11-26 14:41:00,2021-11-26 21:14:00,北京,长沙,504,403
Z5,20,2021-11-26 16:09:00,2021-11-27 11:18:00,北京,长沙,504,403
Z1,20,2021-11-26 18:00:00,2021-11-27 08:10:00,北京,长沙,504,403
Z207,20,2021-11-26 20:55:00,2021-11-27 11:36:00,北京,长沙,504,403
T289,20,2021-11-26 22:00:00,2021-11-27 14:14:00,北京,长沙,504,403
